id,year,category,mortality_event,percent_mortality,n_mortality
E01,2019,predation,Y,99.00%,1004
E02,2021,water_quality,Y,NA,NA
E03,2021,other,Y,100.00%,NA
E04,2021,other,Y,100.00%,NA
E05,2021,disease,Y,NA,NA
E06,2021,disease,Y,NA,NA
E07,2021,weather,N,0.00%,NA
E08,2021,water_quality,Y,75.80%,NA
E09,2022,disease,Y,NA,NA
E10,2022,disease,Y,NA,NA
E11,2022,weather,Y,9.10%,200
E12,2022,water_quality,Y,52.10%,2007
E13,2022,weather,N,NA,NA
E14,2022,disease,Y,14.00%,NA
E15,2022,water_quality,Y,NA,NA
E16,2023,disease,Y,80.30%,752
E17,2023,water_quality,Y,97.00%,NA
E18,2023,equipment,N,54.80%,NA
E19,2023,water_quality,Y,74.80%,NA
E20,2023,other,N,NA,NA
E21,2023,weather,N,NA,NA
E22,2024,water_quality,Y,NA,NA
E23,2024,disease,Y,9.50%,NA
E24,2024,other,Y,23.00%,NA
E25,2024,disease,Y,55.00%,NA
E26,2024,equipment,N,0.00%,NA
E27,2024,water_quality,N,0.00%,NA
E28,2024,other,N,NA,NA
