report,sentence_id,category_guess,years_mentioned,sentence
2021,122,water_quality,,"We are not sure what the cause of mortality of the fry was in this case, as it was not likely temperature related."
2021,163,water_quality,,A largescale mortality event was noted in early August during a normal weekly check by staff and this was traced back to several consecutive water quality events that led to anoxic conditions in the early morning hours near that USGS monitoring station.
2021,167,water_quality,,"For more information on the size of the fish stocked from each net pen and the survival in each net pen, please see Table 2 and 8. 16 While USFWS net pen operations in the past have had very poor success, with nearly total losses during summer rearing in Upper Klamath Lake, we believe that these operations show promise by taking advantage of the good growing conditions present in both Gerber Reservoir and Upper Klamath Lake, provided that the nets are placed in locations that will not go dry or have serious water quality issues."
2021,174,equipment,"2019, 2020","Gerber Reservoir Net Pen Upper Klamath Lake Net Pen Net / CY # Stocked # Harvested % Survival Net / CY # Stocked # Harvested % Survival GERW 2019 150 146 97.3 UKLS 2019 150 87 58.0 GERW 2020 1331 1105 83.0 UKLS 2020 1350 519 38.4 GERW Total 1481 1251 84.5 UKLS Total 1500 606 40.4 GERE 2019 100 97 97.0 UKLN 2019 100 0 0.0 GERE 2020 898 827 92.1 UKLN 2020 900 0 0.0 GERE Total 998 924 92.6 UKLN Total 1000 0 0.0 Overall 2019 250 243 97.2 Overall 2019 250 87 34.8 Overall 2020 2229 1932 86.7 Overall 2020 2250 519 23.1 Overall Total 2479 2175 87.7 Overall Total 2500 606 24.2 17 Infrastructure and Equipment Updates During the summer of 2020, we made larger contract purchases to procure a Bobcat skid steer with various implements and two new electric Carryall 700 carts for use on the hatchery."
2022,63,water_quality,,"Observed fish mortality increased when temperature was augmented in the winter, using geothermal inputs."
2022,64,disease,2022,"Generally, mortality was low in the warmer summer months, however there were two exceptions to this; Ponds A4 and A2 (collected in 2022) had significant and ongoing mortality in August and September, which prompted fish health evaluations."
2022,67,disease,,Causes of tetany in these fishes remain unknown and the chronic mortality continued until the ponds started to cool down in October.
2022,72,water_quality,,Mortality decreased in all feed study ponds (Ponds P9-P16) when temperatures were cooled from an augmented target of 12⁰C to under 5⁰C in early December.
2022,76,water_quality,"2022, 2021","For more information on water temperature and dissolved oxygen trends during the calendar year of 2022, please see Figures 6 and 7. 8 Table 2 - This shows inventory, growth, and survival for ponds during the production cycle starting in the Spring of 2021 through the Fall of 2021 at the Klamath Falls National Fish Hatchery."
2022,85,predation,,"The objective is to provide an in situ location, away from predation, for suckers to grow while survival is monitored."
2022,106,weather,2021,"This was also the first year at this location which has natural protection from 14 the wind and waves and could have decreased fish stress and probably improved survival overall, compared with the previous location in 2021 in Upper Klamath Lake, off Rattlesnake Point."
2023,55,disease,,"Thereafter, mortality was monitored daily, and fish health was treated immediately to ensure that the wild caught fish do not pose a threat to established hatchery stocks."
2023,57,disease,,"All indoor culture units were cleaned each morning, monitored daily for adequate water quality, and fish mortalities were enumerated and removed from systems daily to monitor fish health and disease."
2023,58,water_quality,,"After prophylactic treatments were completed and any observable mortality has subsided to normal levels, usually under 0.1-1.0% of the culture unit inventory, the larval Page 7 of 42 fish were either stocked directly into fertilized ponds with high zooplankton blooms for natural forage and/or feed trained during early rearing in tanks for four to six weeks prior to stocking in ponds, depending upon available space, manpower, and methodology needed."
2023,135,disease,,"Data is available in real-time to partners, such as the California Nevada Fish Health Unit, so staff can monitor our water quality and mortality records if problems are observed and reported."
2023,136,water_quality,,"Daily water quality monitoring, removal of and quantifying fish mortality trends, and feeding, are the primary pillars, or first lines of defense and observation, to effectively culture Klamath Suckers and allow the staff to make daily management decisions and adjustments as needed to help care for and protect these captive stocks."
2023,137,water_quality,,"For more information on the morning water temperature and dissolved oxygen trends, as well as fish mortality, throughout the year, please see Figures 6-8."
2023,155,predation,,"The objective was to provide an in-situ rearing location, away from predation, for suckers to grow while survival is monitored."
2023,179,water_quality,,"One contributing factor for the poor survival and condition were anoxic conditions developing in July, August and September, prior to harvest (Figure 12)."
2023,182,water_quality,2023,"For more information on the PIT tag and dissolved oxygen monitoring conducted at the UKL net pens in 2023, and the historical survival rates, please see Figures 11-12 and Table 8."
2023,194,water_quality,,Anything that can be done to conservatively limit losses from known stochastic water quality and water level events should be given priority when making these decisions.
2023,202,equipment,,"One contributing factor for the apparent low survival in the GERE net pen was due to two small holes, less than a foot or two in diameter, in the net."
2023,203,equipment,,"These holes were found during harvest, and allowed for some fish to escape."
2023,208,water_quality,2023,"For more information on the dissolved oxygen monitoring conducted at the Gerber Reservoir net pens in 2023, and the historical survival rates, please see Figures 13-14 and Table 9."
2023,212,equipment,,Reduced detections are possibly the result of the holes in the net that fish escaped through.
2023,215,weather,"2021, 2019, 2020, 2022, 2023","Operation Year Year Class Pen ID # Stocked TL (mm) # Harvested TL (mm) Survival (%) 2021 2019 GERE 100 235 97 269 97.0 2021 2020 GERE 898 140 827 174 92.1 2021 2019 GERW 150 230 146 265 97.3 2021 2020 GERW 1331 138 1105 173 83.0 2022 Low Water - Not Operational 2023 2021 GERE 1005 170 454 225 45.2 2023 2021 GERW 1036 171 1000 214 96.5 Overall 4520 3629 80.3 Page 27 of 42 As was already briefly discussed above, serious considerations should be given to what the future operations of the Gerber net pens will look like."
2023,351,water_quality,2024,"Incubation Water Chemistry Trials (April/May 2024) • Utilizing small batches of fertilized sucker eggs, perhaps initially from the East Side Springs LRS spawning, performing various incubation trials with different water chemistry parameters, perhaps altering various hardness levels, temperature, etc., with replication, to assess the effects on larval development, hatch rates, and post hatch condition and survival. • Compile study data from these incubation trials and draft a technical report. • From the final technical report, possibly draft a manuscript for peer review and journal submission. • Prepare a poster/presentation of study results for use at a conference."
2023,352,equipment,2024,"Larval Feed Trials (April/May 2024) • Utilizing small batches of hatched larval fish, perhaps initially from the East Side Springs LRS spawning, performing various early rearing feed trials with different commercial and live diets, and/or durations of onset of feeding post hatch, with replication, to assess the effects on larval development, growth, and post hatch condition and survival. o Comparison of artemia feeding 3-4X/day with constant feed using peristaltic pumps; assessing difference associated with extended feeding regime. o New feed trial with Otohime and June sucker diet, perhaps other diets, Copenhagen diet used at Willow Beach NFH and June Sucker State Facility, Gemma Wean? Possibly conduct on just one or with both species. o Long term intensive rearing trial."
2024,7,weather,,"To help support the dwindling populations of Klamath Basin Suckers, the staff reared and repatriated 11,831 production fish through the fiscal year, which included 1,317 fish raised successfully from the Gerber Reservoir net pen, which had a survival rate of over 96% this year."
2024,62,disease,,"Thereafter, mortality was monitored daily, and fish health was treated immediately to ensure that the wild caught fish do not pose a threat to established hatchery stocks."
2024,64,disease,,"All indoor culture units were cleaned each morning, monitored daily for adequate water quality, and fish mortalities were enumerated and removed from systems daily to monitor fish health and disease."
2024,65,water_quality,,"After prophylactic treatments were completed and any observable mortality has subsided to normal levels, usually under 0.1-1.0% of the culture unit inventory, the larval fish were either stocked directly into fertilized ponds with high zooplankton blooms for natural forage Page 7 of 47 and/or feed trained during early rearing in tanks for up to four to six weeks prior to stocking in ponds, depending upon available space, manpower, and methodology needed."
2024,165,disease,,"Data is available in real-time to partners, such as the USFWS California Nevada Fish Health Unit, so staff can monitor our water quality and mortality records if problems are observed and reported."
2024,167,water_quality,,"During FY24, unusually cooler water temperatures, in mid to late August, caused some crashes in the blooms in several fingerling ponds, which resulted in lethal dissolved oxygen levels in the early mornings."
2024,170,water_quality,,"For more information on the average morning water temperature and dissolved oxygen trends, as well as monthly fish mortality, throughout the year, please see Figures 8-10."
2024,176,water_quality,"2023, 2024","For more information on pond Page 19 of 47 Dissolved oxygen mg/L Temperature C 0 5 10 15 20 30 25 0 2 4 6 8 10 14 16 12 10/1/2023 10/1/2023 10/13/2023 10/13/2023 10/25/2023 10/25/2023 11/6/2023 11/6/2023 11/18/2023 11/18/2023 11/30/2023 11/30/2023 12/12/2023 12/12/2023 12/24/2023 12/24/2023 1/5/2024 1/5/2024 1/17/2024 of Fiscal Year 2024, please see Tables 6-8. 1/17/2024 1/29/2024 1/29/2024 2/10/2024 2/10/2024 2/22/2024 2/22/2024 3/5/2024 3/5/2024 3/17/2024 3/17/2024 3/29/2024 3/29/2024 Date Date Page 20 of 47 4/10/2024 4/10/2024 4/22/2024 4/22/2024 5/4/2024 5/4/2024 5/16/2024 5/16/2024 5/28/2024 5/28/2024 6/9/2024 6/9/2024 of 2024; temperature is measured between 0600 and 0730 am each day. 6/21/2024 6/21/2024 7/3/2024 7/3/2024 7/15/2024 7/15/2024 7/27/2024 7/27/2024 8/8/2024 8/8/2024 8/20/2024 8/20/2024 9/1/2024 9/1/2024 9/13/2024 9/13/2024 9/25/2024 9/25/2024 Figure 8 – Average morning temperature (°C) of all ponds located at the Hatchery, during the fiscal year performance, growth, and survival in each of the ponds during the FY 2023, and even into the beginning Figure 9 – Average morning dissolved oxygen concentration (mg/L), at the Klamath Falls National Fish Hatchery, in FY 2024; dissolved oxygen is measured each morning between 0600 and 0730 am each day."
2024,186,predation,,"Each spring, wild-caught (as larvae), hatchery-raised and PIT-tagged (age 1+), Lost River and Shortnose Suckers were introduced into two adjacent net pens for extended grow out prior to repatriating to UKL. The objective was to provide an in-situ rearing location, away from predation, to increase growth beyond what is experienced in the hatchery and to provide extended acclimation to wild conditions before release."
2024,190,predation,"2019, 2020","After very poor survival was observed in 2019, modifications in 2020 raised the bird predation netting off of the water by installing an elevated railing, as we suspected avian predators may have infiltrated the netting in 2019."
2024,192,water_quality,2020,"In the summer of 2020, another net pen system was being developed for installation in Gerber Reservoir, as we hypothesized that poor water quality might be limiting sucker survival in UKL. Staff also started monitoring the net pens more frequently by checking the pens for mortalities every week to two weeks."
2024,195,water_quality,2021,"The UKL net pens also required an emergency harvest in August of 2021, due to long term anoxic conditions forming and resulting in significant losses prior to harvest."
2024,209,water_quality,,No fish mortality was observed during this time and no adverse water quality was observed.
2024,224,equipment,2023,"Only Shortnose Suckers were stocked due to fish escaping the previous year, in 2023, due to several small holes that developed in one of the nets, and caused up to 437 Lost River Suckers to be added to a body of water that they are not currently found in."
2024,225,equipment,,"Up to 114 Shortnose Suckers, originally collected from UKL as larvae, likely escaped also during this timeframe."
2024,237,equipment,"2021, 2023","In 2021 fish were pulled out of the net pen early (July) due to low lake levels, and GERE in 2023 show low survival however suckers likely escaped out of multiple holes that were found in net."
2024,238,water_quality,"2021, 2019, 2020, 2022, 2023, 2024","Operation Fish Stock TL Harvest TL Pen ID # Stocked # Harvested Survival (%) Year CY (mm) (mm) 2021 2019 GERE 235 100 269 97 97.0 2021 2020 GERE 140 898 174 827 92.1 2021 2019 GERW 230 150 265 146 97.3 2021 2020 GERW 138 1331 173 1105 83.0 2022 Low Water - Not Operational 2023 2021 GERE 170 1005 225 454 45.2 2023 2021 GERW 171 1036 214 1000 96.5 2024 2022 GERE 149 648 205 624 96.3 2024 2022 GERW 148 730 201 693 94.9 Overall 5898 4946 83.9 Page 29 of 47 Gerber Net Pen WQ 2024 Various water quality parameters were recorded hourly using a Eureka Manta continuous sonde set mid- column in the water, with a depth range of 3-10 feet, based on the reservoir water surface elevation."
2024,243,water_quality,,Overall Gerber water quality parameters stayed in ranges beneficial for sucker rearing and survival for most of the year.
2024,245,water_quality,,"What is known for sure is that in late August, the dissolved oxygen levels dropped below the threshold of 4 mg/L for short periods of time, with the lowest dissolved oxygen reading at 2.99 mg/L. Fortunately, no sucker mortalities were observed during the entire growout period and fish survival and growth was good."
