Event ID,Actual Year,Date / Period,Location / Pond-Tank-Pen,Event Category,Mortality Event? (Y/N),Cause Description,Population Affected (denominator),Number/Percent Lost (as reported),"% Lost (best estimate, numeric)",Confidence,Severity Tier
E01,2019,2019 growing season,"UKL net pens, Rattlesnake Point (UKLN & UKLS)",predation,Y,Suspected avian (bird) predators infiltrating net pen netting,"Suckers stocked in original UKL net pens, 2019 deployment (UKLN 534; UKLS 480; total 1,014)",UKLN 0/534 = 0.0% survival; UKLS 10/480 = 2.1% survival (pooled ~99.0% loss),99.0%,Quantified,Catastrophic (>70% loss)
E02,2021,Winter 2020/21 (Dec 2020-Feb 2021),Outdoor growout ponds (geothermally warmed),water_quality,Y,Ammonia spike from staff raising pond temps above 15C via increased geothermal flow to extend growing season,"CY2019 fish overwintering in ponds (~7,664 fish in that lot at the time)",Not quantified,,Qualitative only,Qualitative only (unquantified)
E03,2021,"Night of May 5-6, 2021",Greenhouse incubation (hatchery building),other,Y,"Unknown; suspected unstable incubation water temperature or jar agitation, later suspected geothermal water chemistry (low hardness/alkalinity, dissolved metals)","Wild-spawned SNS eggs, hatchery-incubated portion (subset of a 1 female x 2 male spawn; separate 6,000-egg portion sent to SNARRC survived >80% and is NOT part of this loss)","100% of the hatchery-incubated portion (""all perished"")",100.0%,Quantified,Catastrophic (>70% loss)
E04,2021,"May 13, 2021","Greenhouse incubation, heath tray stacks",other,Y,Unknown; suspected geothermal water chemistry despite improved temperature control,"Captively-spawned SNS eggs (CY2017 lot female, hCG-induced spawn)","100% within days of hatch (""total losses"")",100.0%,Quantified,Catastrophic (>70% loss)
E05,2021,Mid-May 2021,Greenhouse larval rearing tanks,disease,Y,Gut impaction from fry ingesting unhatched Artemia cysts during early feeding,"Newly collected wild larval suckers (part of 106,710 total collected in 2021)","Not separately quantified; contributes jointly with E06 to overall 50.2% collection-to-pond survival (53,518 of 106,710 ponded)",,"Qualitative only (joint effect quantified, individual event not)",Qualitative only (unquantified)
E06,2021,Mid-June 2021,Greenhouse larval rearing tanks,disease,Y,Costia (parasitic protozoan) outbreak,"Larval suckers in early rearing tanks (part of 106,710 total collected in 2021)",Not separately quantified; contributes jointly with E05 to overall 50.2% collection-to-pond survival,,"Qualitative only (joint effect quantified, individual event not)",Qualitative only (unquantified)
E07,2021,Mid-July 2021,Gerber Reservoir net pen,weather,N,Drought / low reservoir water levels; projected to go dry within weeks,Tagged CY2019/CY2020 suckers held in Gerber Reservoir net pen,"No major loss; preemptive emergency harvest recovered 2,175 fish to refugia",0.0%,Quantified (near-zero loss - preempted),Near-miss (no mortality observed)
E08,2021,Late July/Early Aug 2021 (discovered early Aug),Upper Klamath Lake net pens (UKLN total loss; UKLS partial),water_quality,Y,"Anoxic conditions for several consecutive nights, traced to USGS Rattlesnake Point monitoring","2,500 fish stocked (CY2019: 250; CY2020: 2,250) split across north/south pens","Only 606 of 2,500 recovered overall (24.2% survival, 75.8% loss); UKLN 0.0% survival (total loss, both cohorts); UKLS 34.8% (CY2019) and 23.1% (CY2020) survival",75.8%,Quantified,Catastrophic (>70% loss)
E09,2022,Aug-Sept 2022 (resolved Oct when ponds cooled),Ponds A4 and A2 (outdoor A-series),disease,Y,Unknown; USFWS CA/NV Fish Health Center found no infectious agents; fish showed tetany with lateral bruising,2022-collected larval cohort reared in Ponds A4/A2,Not quantified numerically in narrative (Table 3/4 shows related pond counts but text does not reconcile them to this event),,Qualitative only,Qualitative only (unquantified)
E10,2022,December 2022,Pond P9 (feed study pond),disease,Y,Tetany (cause unknown) plus gill lamellae necrosis from winter thermal complications,2022-collected cohort in Pond P9,Not quantified,,Qualitative only,Qualitative only (unquantified)
E11,2022,4/8/2022,"In-transport, Agency Lake, en route to UKLW net pen",weather,Y,High winds and large waves during boat transport,Age-1 (2021 year class) PIT-tagged suckers being stocked to UKLW net pen,"~200+ fish lost of ~2,199 loaded (1,999 arrived); ~9-10% loss in transit",9.1%,Estimated,Minor (<10% loss)
E12,2022,Apr-Oct 2022 growout season (worst DO Jul 29-Aug 25),"UKLW & UKLE net pens, Four Mile Canal, Agency Lake",water_quality,Y,"Repeated DO crashes/anoxia (DO=0.0 mg/L on multiple dates; below 2 mg/L 20 times) compounded by heavy non-target bycatch (fathead minnow, tui chub, blue chub) competing for food -> low growth/emaciation","Age-1 PIT-tagged suckers: UKLW 1,999 stocked, UKLE 1,852 stocked (3,851 total)","UKLW 947/1,999 survived (52.6% loss); UKLE 897/1,852 survived (51.6% loss); combined 1,844/3,851 = 47.9% survival (52.1% loss) - reported by the hatchery as the ""highest net pen survival in program history""",52.1%,Quantified,Major (30-70% loss)
E13,2022,May-June 2022 collection season,Lower Williamson River (larval collection),weather,N,Low river flows reduced effectiveness of passive drift-net collection gear,Wild drifting larval suckers (uncollected portion of the population),"Not a mortality event - reduced catch efficiency, not fish death",,"Not applicable (collection efficiency, not mortality)",Non-mortality (escape/collection/reproductive)
E14,2022,November 2022,Fingerling growout pond - Bozeman Razorback (RZB) diet trial,disease,Y,"Suspected nutrition-related pathology: extreme gill hyperplasia, little/no feeding, poor visceral fat stores, protein loss in urine (feed tested, not rancid)",Fingerling suckers on Razorback diet trial,"Not separately quantified (""sporadic mortality""); RZB fingerling survival ended the trial at 86% (lowest of four diets), though that figure blends trial/grading factors beyond just this event",14.0%,Estimated,Moderate (10-30% loss)
E15,2022,Spring-Summer 2022 (diet-trial larval stage),Research Rack larval rearing tanks,water_quality,Y,Possible high water temperatures plus tank overflow incidents,Larval suckers in a long-term diet-trial cohort,"Unquantified (""increase in mortality""); trial phase ended early with no usable conclusions",,Qualitative only,Qualitative only (unquantified)
E16,2023,"July 2-4, 2023","Indoor greenhouse, Tank C14 (larval rearing)",disease,Y,"Unspecified ""fish health mortality event"" (cause not further diagnosed in text)","Larval suckers collected 5/31/2023 into Tank C14 (1,509 collected)",752 fish lost of 938 total observed tank mortality; tank survival fell to 19.7% (~80.3% loss),80.3%,Quantified,Catastrophic (>70% loss)
E17,2023,"April 13-Sept 27, 2023 (worst Jul-Aug)","UKL net pens, Four Mile Canal, Agency Lake (UKLW & UKLE)",water_quality,Y,"Anoxic conditions Jul-Sep, compounded by parasites, disease, secondary bacterial/hemorrhagic infection, and competition/crowding with fathead minnows and blue chubs","2,006 age-1+ suckers stocked (1,005 UKLW + 1,001 UKLE, 2021 year class)",Only 60 fish recovered at harvest: 2.9% (UKLW) and 3.1% (UKLE) survival (~97% loss),97.0%,Quantified,Catastrophic (>70% loss)
E18,2023,"April 21-Sept 26, 2023",Gerber Reservoir East net pen (GERE),equipment,N,"Two small holes (<1-2 ft diameter) found in net at harvest, allowing fish to escape","1,005 age-1+ suckers stocked in GERE (2021 year class)","Escape, not mortality: only 454 harvested = 45.2% apparent survival vs 96.5% in adjacent GERW pen (~554 fish unaccounted); FY2024 report separately cites up to 437 LRS + 114 SNS escaped (551 total) - the two figures are consistent within rounding",54.8%,"Estimated (apparent, not confirmed mortality)",Non-mortality (escape/collection/reproductive)
E19,2023,Spring 2023 (Apr-May egg incubation),Greenhouse RAS Research Racks (egg incubation),water_quality,Y,Geothermal water-supply quality limitations; unstable rearing temperatures fluctuating 5-6C daily,"Wild East Side Springs LRS eggs (73,869 collected/transferred) - EGG stage, not juvenile/adult","Only 18,604 fry hatched: ~25.2% hatching success (~74.8% egg-stage loss)",74.8%,Quantified,Catastrophic (>70% loss)
E20,2023,Early May 2023,Captive broodstock ponds (SNS spawning attempt),other,N,Reproductive failure attributed to poor body condition from high rearing densities the prior year,"SNS captive broodstock (CY2017 cohort, ~30 fish sampled/week over 2 weeks)","Not a mortality event: 0 females ovulated/released ripe eggs across all sampling weeks; male milt volume <1-2mL, motility <50%",,"Not applicable (reproductive failure, not fish death)",Non-mortality (escape/collection/reproductive)
E21,2023,Spring 2023 (May 8-Jun 12 collection window),Lower Williamson River (wild larval collection),weather,N,"Late/colder-than-normal spring, high flows/turbidity, rapid warm/cool swings, low adult return","Wild drifting larval suckers (collection target 40,000-50,000)","Not a mortality event: only 6,036 larvae collected (lowest on record); drift netting caught <50 fish total - a collection-efficiency shortfall",,"Not applicable (collection efficiency, not mortality)",Non-mortality (escape/collection/reproductive)
E22,2024,Mid-to-late August 2024,Ponds P12 and P13 (fingerling ponds),water_quality,Y,Unusually cool water temperatures caused algae-bloom crashes -> lethal early-morning DO; exacerbated by pond-space crowding,"CY2024 cohort (P12 stocked 3,027 fish 5/28/24; P13 stocked 3,012 fish 5/20/24; 6,039 total)","""Several thousand fish"" lost between both ponds (acute) plus additional chronic losses afterward; explicitly described as worse than any prior year - no exact count given, so a range of roughly 30-65% of the 6,039 stocked is a rough order-of-magnitude read of ""several thousand,"" not a reported figure",45.0%,"Estimated (qualitative magnitude only - ""several thousand"" not a precise count)",Major (30-70% loss)
E23,2024,"Spring-Summer 2024 (~3 month intensive rearing, May 8-Jul)",Salvage Building isolation/rearing tanks,disease,Y,"Costia (ectoparasite) infections during extended intensive tank rearing, worsened by prolonged holding due to lack of pond space","Wild-caught larval LRS/SNS from Williamson River (30,150 total collected)","2,876 fish observed mortality = 9.5% of total stock (partly Costia-attributed)",9.5%,Quantified (observed mortality only - see E24 for separately-tracked unobserved loss),Minor (<10% loss)
E24,2024,Spring-Summer 2024 (same larval rearing period),Salvage Building tanks,other,Y,"Cumulative unaccounted/unobserved mortality, attributed by staff to ""cumulative human error"" the longer fish are held intensively in tanks","Wild-caught larval suckers held in tanks pending pond space (30,150 collected)",Unobserved mortality = 23.0% of the entire collection stock,23.0%,Quantified,Moderate (10-30% loss)
E25,2024,Mid-Sept through early Nov 2024,"Net pen at Four Mile Canal, Agency Lake (holdover from Lower Klamath Refuge Ponds)",disease,Y,Bacterial infection spread early in the holding period during a joint USGS/USFWS acoustic telemetry study,Juvenile suckers held over from Lower Klamath Refuge Ponds plus a late-Sept supplemental stocking,Overall survival for the holding period was 45% (~55% mortality),55.0%,Quantified,Major (30-70% loss)
E26,2024,"Jun 25-Aug 14, 2024 (gap); late Aug 2024 (DO excursion)",Gerber Reservoir net pens (west pen sonde),equipment,N,"Continuous water-quality sonde malfunctioned, creating a ~7-week monitoring gap; when monitoring resumed, late-Aug DO dropped below 4 mg/L threshold (lowest 2.99 mg/L)","Shortnose Suckers held in Gerber net pens (GERE/GERW, 2022 cohort)","No mortality attributed (""no sucker mortalities were observed"")",0.0%,Quantified (near-miss),Near-miss (no mortality observed)
E27,2024,July 23-mid-Sept 2024,Gerber Reservoir net pens,water_quality,N,Cyanobacteria bloom detected (water turned light brown/turbid); no toxins found on analysis,Shortnose Suckers held in Gerber net pens,No mortality attributed,0.0%,Quantified (near-miss),Near-miss (no mortality observed)
E28,2024,"July 27, 2024","Gerber net pen, GERE",other,N,Unexplained mortality of non-target species (perch); cause/disease not identified; no impact to target suckers,Non-target fish (~30mm perch) incidentally in net pen; suckers unaffected,3 small perch found dead; NO sucker mortality,,"Not applicable (non-target species, no sucker impact)",Non-mortality (escape/collection/reproductive)