fiscal_year,month,pond,mortality,type,age,starting_count
2023,Oct,A1,1,pond,3/4/other,16090
2023,Oct,A2,129,pond,1,12500
2023,Oct,A3,4,pond,1/2/other,NA
2023,Oct,A4,43,pond,0/1,21053
2023,Oct,P2,1,pond,4,160
2023,Oct,P3,1,pond,4,152
2023,Oct,P5,1,pond,3,470
2023,Oct,P6,1,pond,2/4/other,NA
2023,Oct,P9,7,pond,1,799
2023,Oct,P10,2,pond,1,686
2023,Oct,P11,1,pond,1,771
2023,Oct,P12,4,pond,1,708
2023,Oct,P14,2,pond,1,685
2023,Oct,P15,2,pond,1,770
2023,Oct,P16,3,pond,1,708
2023,Oct,P17,1,pond,1/2,NA
2023,Oct,P18,3,pond,0/1/2,NA
2023,Oct,P19,6,pond,0/1/2,NA
2023,Oct,P20,5,pond,0/1/2,NA
2023,Oct,P21,11,pond,0/2/other,900
2023,Oct,B1,41,pond,2,NA
2023,Oct,B3,12,pond,2,NA
2023,Oct,B5,2,pond,2,NA
2023,Oct,B6,1,pond,2,NA
2023,Oct,B7,1,pond,2,NA
2023,Oct,B8,3,pond,2,NA
2023,Oct,B9,5,pond,2,NA
2023,Oct,B15,7,pond,2,NA
2023,Oct,B16,2,pond,2,NA
2023,Oct,B17,3,pond,2,NA
2023,Oct,B18,6,pond,2,NA
2023,Oct,B19,1,pond,2,NA
2023,Oct,B21,2,pond,2,NA
2023,Oct,B22,6,pond,2,NA
2023,Oct,B23,3,pond,2,NA
2023,Oct,B24,3,pond,2,NA
2023,Nov,A2,10,pond,1,12500
2023,Nov,A3,6,pond,1/2/other,NA
2023,Nov,A4,1,pond,0/1,21053
2023,Nov,P1,1,pond,4,232
2023,Nov,P2,2,pond,4,160
2023,Nov,P6,3,pond,2/4/other,NA
2023,Nov,P9,22,pond,1,799
2023,Nov,P15,1,pond,1,770
2023,Nov,P21,1,pond,0/2/other,900
2023,Dec,A3,3,pond,1/2/other,NA
2023,Dec,A4,2,pond,0/1,21053
2023,Dec,P0,1,pond,4,87
2023,Dec,P1,4,pond,4,232
2023,Dec,P4,1,pond,3/4,468
2023,Dec,P5,2,pond,3,470
2023,Dec,P6,1,pond,2/4/other,NA
2023,Dec,P7,1,pond,0/1/other,NA
2023,Dec,P8,98,pond,1/4/other,NA
2023,Dec,P13,2,pond,1,797
2023,Dec,P14,0,pond,1,685
2023,Dec,P17,14,pond,1/2,NA
2023,Dec,P18,2,pond,0/1/2,NA
2023,Dec,P19,1,pond,0/1/2,NA
2023,Dec,P20,1,pond,0/1/2,NA
2023,Jan,A3,3,pond,1/2/other,NA
2023,Jan,P1,2,pond,4,232
2023,Jan,P5,2,pond,3,470
2023,Jan,P9,3,pond,1,799
2023,Jan,P14,1,pond,1,685
2023,Jan,P18,3,pond,0/1/2,NA
2023,Jan,P19,2,pond,0/1/2,NA
2023,Jan,P20,5,pond,0/1/2,NA
2023,Feb,A3,5,pond,1/2/other,NA
2023,Feb,P1,1,pond,4,232
2023,Feb,P2,2,pond,4,160
2023,Feb,P3,1,pond,4,152
2023,Feb,P4,1,pond,3/4,468
2023,Feb,P6,2,pond,2/4/other,NA
2023,Feb,P8,1,pond,1/4/other,NA
2023,Feb,P11,2,pond,1,771
2023,Feb,P18,2,pond,0/1/2,NA
2023,Feb,P19,4,pond,0/1/2,NA
2023,Feb,P20,8,pond,0/1/2,NA
2023,Mar,A2,10,pond,1,12500
2023,Mar,P3,2,pond,4,152
2023,Mar,P4,1,pond,3/4,468
2023,Mar,P13,1,pond,1,797
2023,Mar,P14,6,pond,1,685
2023,Mar,P15,5,pond,1,770
2023,Apr,A1,3,pond,3/4/other,16090
2023,Apr,A2,10,pond,1,12500
2023,Apr,P1,2,pond,4,232
2023,Apr,P2,1,pond,4,160
2023,Apr,P3,1,pond,4,152
2023,Apr,P4,1,pond,3/4,468
2023,Apr,P5,1,pond,3,470
2023,Apr,P17,1,pond,1/2,NA
2023,May,A1,4,pond,3/4/other,16090
2023,May,A2,1,pond,1,12500
2023,May,P1,1,pond,4,232
2023,May,P5,1,pond,3,470
2023,May,P6,1,pond,2/4/other,NA
2023,Jun,P5,1,pond,3,470
2023,Jun,P6,1,pond,2/4/other,NA
2023,Jun,P9,1,pond,1,799
2023,Jun,P13,4,pond,1,797
2023,Jun,P16,1,pond,1,708
2023,Jul,A1,1,pond,3/4/other,16090
2023,Jul,P4,1,pond,3/4,468
2023,Jul,P5,1,pond,3,470
2023,Jul,P9,1,pond,1,799
2023,Jul,P11,1,pond,1,771
2023,Jul,P13,3,pond,1,797
2023,Jul,P14,1,pond,1,685
2023,Jul,P15,1,pond,1,770
2023,Jul,P18,2,pond,0/1/2,NA
2023,Aug,A1,10,pond,3/4/other,16090
2023,Aug,A2,12,pond,1,12500
2023,Aug,A3,16,pond,1/2/other,NA
2023,Aug,P2,1,pond,4,160
2023,Aug,P5,1,pond,3,470
2023,Aug,P7,1,pond,0/1/other,NA
2023,Aug,P12,2,pond,1,708
2023,Aug,P13,6,pond,1,797
2023,Aug,P14,4,pond,1,685
2023,Aug,P17,2,pond,1/2,NA
2023,Aug,P20,9,pond,0/1/2,NA
2023,Sep,A1,1,pond,3/4/other,16090
2023,Sep,A2,4,pond,1,12500
2023,Sep,A3,23,pond,1/2/other,NA
2023,Sep,A4,4,pond,0/1,21053
2023,Sep,P2,2,pond,4,160
2023,Sep,P13,2,pond,1,797
2023,Sep,P16,1,pond,1,708
2023,Sep,P18,1,pond,0/1/2,NA
2023,Sep,P19,1,pond,0/1/2,NA
2023,Sep,P20,1,pond,0/1/2,NA
2024,Jan,P13,1,pond,0/1/2,505
2024,Jan,P0,1,pond,1/4,NA
2024,Jan,P11,1,pond,0/2,503
2024,Feb,P1,1,pond,4,103
2024,Feb,P13,1,pond,0/1/2,505
2024,Feb,P16,1,pond,2/other,504
2024,Mar,P20,1,pond,1,423
2024,Mar,P17,1,pond,2/other,911
2024,Mar,P18,1,pond,1,1500
2024,Mar,P18,2,pond,1,1500
2024,Mar,P18,1,pond,1,1500
2024,Mar,P16,2,pond,2/other,504
2024,Mar,P17,0,pond,2/other,911
2024,Mar,P18,2,pond,1,1500
2024,Mar,P19,5,pond,1,628
2024,Mar,P20,2,pond,1,423
2024,Mar,P18,14,pond,1,1500
2024,Mar,P19,13,pond,1,628
2024,Mar,P18,12,pond,1,1500
2024,Mar,P19,14,pond,1,628
2024,Mar,P18,1,pond,1,1500
2024,Mar,P19,5,pond,1,628
2024,Mar,P19,6,pond,1,628
2024,Mar,P19,1,pond,1,628
2024,Mar,P5,1,pond,4,302
2024,Mar,P18,1,pond,1,1500
2024,Mar,P19,5,pond,1,628
2024,Mar,P18,1,pond,1,1500
2024,Mar,P19,2,pond,1,628
2024,Mar,P20,1,pond,1,423
2024,Apr,P19,1,pond,1,628
2024,Apr,P20,1,pond,1,423
2024,Apr,P16,1,pond,2/other,504
2024,Apr,P17,1,pond,2/other,911
2024,Apr,P16,2,pond,2/other,504
2024,Apr,P19,1,pond,1,628
2024,Apr,P16,1,pond,2/other,504
2024,Apr,P3,1,pond,4,102
2024,Apr,P16,1,pond,2/other,504
2024,Apr,P19,1,pond,1,628
2024,May,P2,1,pond,4,100
2024,May,P5,1,pond,4,302
2024,May,P16,2,pond,2/other,504
2024,May,P4,1,pond,4,100
2024,May,P5,1,pond,4,302
2024,May,P16,1,pond,2/other,504
2024,May,P2,1,pond,4,100
2024,May,P4,1,pond,4,100
2024,May,P20,1,pond,1,423
2024,May,P17,1,pond,2/other,911
2024,May,P1,1,pond,4,103
2024,May,P1,1,pond,4,103
2024,May,P6,1,pond,3,311
2024,May,P7,1,pond,4,3631
2024,Jun,P3,1,pond,4,102
2024,Jun,P16,2,pond,2/other,504
2024,Jun,P18,1,pond,1,1500
2024,Jun,P17,1,pond,2/other,911
2024,Jun,P16,2,pond,2/other,504
2024,Jun,P19,1,pond,1,628
2024,Jun,P20,1,pond,1,423
2024,Jun,P6,1,pond,3,311
2024,Jun,P4,2,pond,4,100
2024,Jun,P5,1,pond,4,302
2024,Jun,P6,1,pond,3,311
2024,Jul,P16,2,pond,2/other,504
2024,Jul,P17,1,pond,2/other,911
2024,Jul,P8,1,pond,4,84
2024,Jul,P15,1,pond,2/other,504
2024,Jul,P12,3,pond,0/2,504
2024,Jul,P16,1,pond,2/other,504
2024,Jul,P7,2,pond,4,3631
2024,Jul,P15,1,pond,2/other,504
2024,Jul,P16,1,pond,2/other,504
2024,Jul,P20,1,pond,1,423
2024,Jul,P2,1,pond,4,100
2024,Jul,P15,3,pond,2/other,504
2024,Jul,P12,1,pond,0/2,504
2024,Jul,P15,3,pond,2/other,504
2024,Jul,P12,4,pond,0/2,504
2024,Jul,P13,1,pond,0/1/2,505
2024,Jul,P14,1,pond,0/1/2,502
2024,Jul,P15,3,pond,2/other,504
2024,Jul,P11,1,pond,0/2,503
2024,Jul,P12,4,pond,0/2,504
2024,Jul,P13,1,pond,0/1/2,505
2024,Jul,P14,1,pond,0/1/2,502
2024,Jul,P15,16,pond,2/other,504
2024,Jul,P16,1,pond,2/other,504
2024,Jul,P11,2,pond,0/2,503
2024,Jul,P15,14,pond,2/other,504
2024,Jul,P19,1,pond,1,628
2024,Jul,P10,1,pond,0/2,504
2024,Jul,P15,24,pond,2/other,504
2024,Jul,P1,2,pond,4,103
2024,Jul,P10,8,pond,0/2,504
2024,Jul,P11,7,pond,0/2,503
2024,Jul,P12,1,pond,0/2,504
2024,Jul,P13,1,pond,0/1/2,505
2024,Jul,P15,1,pond,2/other,504
2024,Jul,P10,2,pond,0/2,504
2024,Jul,P11,10,pond,0/2,503
2024,Jul,P15,8,pond,2/other,504
2024,Jul,P1,1,pond,4,103
2024,Jul,P11,5,pond,0/2,503
2024,Jul,P12,1,pond,0/2,504
2024,Jul,P13,1,pond,0/1/2,505
2024,Jul,P15,4,pond,2/other,504
2024,Jul,P11,9,pond,0/2,503
2024,Jul,P15,4,pond,2/other,504
2024,Jul,P1,1,pond,4,103
2024,Jul,P3,1,pond,4,102
2024,Jul,P11,11,pond,0/2,503
2024,Jul,P13,1,pond,0/1/2,505
2024,Jul,P15,1,pond,2/other,504
2024,Jul,P9,1,pond,2,501
2024,Jul,P11,6,pond,0/2,503
2024,Jul,P12,4,pond,0/2,504
2024,Jul,P15,1,pond,2/other,504
2024,Jul,P11,10,pond,0/2,503
2024,Jul,P13,4,pond,0/1/2,505
2024,Jul,P14,1,pond,0/1/2,502
2024,Jul,P15,1,pond,2/other,504
2024,Aug,P10,16,pond,0/2,504
2024,Aug,P11,14,pond,0/2,503
2024,Aug,P12,2,pond,0/2,504
2024,Aug,P13,2,pond,0/1/2,505
2024,Aug,P15,3,pond,2/other,504
2024,Aug,P10,3,pond,0/2,504
2024,Aug,P11,5,pond,0/2,503
2024,Aug,P12,3,pond,0/2,504
2024,Aug,P13,1,pond,0/1/2,505
2024,Aug,P14,1,pond,0/1/2,502
2024,Aug,P15,22,pond,2/other,504
2024,Aug,P10,19,pond,0/2,504
2024,Aug,P11,20,pond,0/2,503
2024,Aug,P12,4,pond,0/2,504
2024,Aug,P13,1,pond,0/1/2,505
2024,Aug,P15,9,pond,2/other,504
2024,Aug,C1,63,pond,0,NA
2024,Aug,C4,5,pond,other,NA
2024,Aug,P10,1,pond,0/2,504
2024,Aug,P11,6,pond,0/2,503
2024,Aug,P12,2,pond,0/2,504
2024,Aug,P13,1,pond,0/1/2,505
2024,Aug,P15,6,pond,2/other,504
2024,Aug,P19,1,pond,1,628
2024,Aug,C1,11,pond,0,NA
2024,Aug,C4,6,pond,other,NA
2024,Aug,C1,29,pond,0,NA
2024,Aug,P10,1,pond,0/2,504
2024,Aug,P12,786,pond,0/2,504
2024,Aug,C1,11,pond,0,NA
2024,Aug,C4,6,pond,other,NA
2024,Aug,P12,334,pond,0/2,504
2024,Aug,C1,70,pond,0,NA
2024,Aug,C4,4,pond,other,NA
2024,Aug,P4,1,pond,4,100
2024,Aug,P10,11,pond,0/2,504
2024,Aug,P11,27,pond,0/2,503
2024,Aug,P12,18,pond,0/2,504
2024,Aug,P13,2,pond,0/1/2,505
2024,Aug,P16,2,pond,2/other,504
2024,Aug,C1,119,pond,0,NA
2024,Aug,C4,45,pond,other,NA
2024,Aug,P10,23,pond,0/2,504
2024,Aug,P11,1,pond,0/2,503
2024,Aug,P10,2,pond,0/2,504
2024,Aug,P11,1,pond,0/2,503
2024,Aug,C1,21,pond,0,NA
2024,Aug,C4,52,pond,other,NA
2024,Aug,C1,49,pond,0,NA
2024,Aug,C4,171,pond,other,NA
2024,Aug,P4,1,pond,4,100
2024,Aug,P10,2,pond,0/2,504
2024,Aug,P11,1,pond,0/2,503
2024,Aug,C1,1,pond,0,NA
2024,Aug,C4,114,pond,other,NA
2024,Aug,C1,10,pond,0,NA
2024,Aug,C4,15,pond,other,NA
2024,Aug,P20,1,pond,1,423
2024,Aug,C1,5,pond,0,NA
2024,Aug,C4,38,pond,other,NA
2024,Aug,P13,2,pond,0/1/2,505
2024,Aug,P15,7,pond,2/other,504
2024,Aug,P20,1,pond,1,423
2024,Aug,C1,5,pond,0,NA
2024,Aug,C4,33,pond,other,NA
2024,Aug,P11,1,pond,0/2,503
2024,Aug,P13,1,pond,0/1/2,505
2024,Aug,P15,5,pond,2/other,504
2024,Aug,P19,1,pond,1,628
2024,Aug,C1,10,pond,0,NA
2024,Aug,C4,5,pond,other,NA
2024,Aug,P20,2,pond,1,423
2024,Aug,C1,21,pond,0,NA
2024,Aug,C4,13,pond,other,NA
2024,Aug,P10,5,pond,0/2,504
2024,Aug,P11,2,pond,0/2,503
2024,Aug,P18,1,pond,1,1500
2024,Aug,P20,1,pond,1,423
2024,Aug,C1,5,pond,0,NA
2024,Aug,C4,6,pond,other,NA
2024,Aug,P10,1,pond,0/2,504
2024,Aug,P11,1,pond,0/2,503
2024,Aug,P13,1634,pond,0/1/2,505
2024,Aug,P10,3,pond,0/2,504
2024,Aug,P11,2,pond,0/2,503
2024,Aug,P12,1,pond,0/2,504
2024,Aug,P13,111,pond,0/1/2,505
2024,Aug,P14,3,pond,0/1/2,502
2024,Aug,P10,3,pond,0/2,504
2024,Aug,P13,38,pond,0/1/2,505
2024,Aug,P12,1,pond,0/2,504
2024,Aug,P13,1,pond,0/1/2,505
2024,Aug,P14,1,pond,0/1/2,502
2024,Aug,P19,1,pond,1,628
2024,Aug,C1,7,pond,0,NA
2024,Aug,C4,1,pond,other,NA
2024,Aug,P4,1,pond,4,100
2024,Aug,P12,1,pond,0/2,504
2024,Aug,P13,2,pond,0/1/2,505
2024,Aug,P15,3,pond,2/other,504
2024,Aug,P19,1,pond,1,628
2024,Aug,P18,1,pond,1,1500
2024,Aug,P11,1,pond,0/2,503
2024,Aug,P12,1,pond,0/2,504
2024,Aug,P15,1,pond,2/other,504
2024,Aug,P17,1,pond,2/other,911
2024,Aug,P18,1,pond,1,1500
2024,Aug,P19,1,pond,1,628
2024,Aug,C1,2,pond,0,NA
2024,Aug,P13,2,pond,0/1/2,505
2024,Aug,C4,1,pond,other,NA
2024,Aug,P13,2,pond,0/1/2,505
2024,Aug,C1,10,pond,0,NA
2024,Aug,C4,4,pond,other,NA
2024,Aug,P10,2,pond,0/2,504
2024,Aug,P11,1,pond,0/2,503
2024,Aug,P13,1,pond,0/1/2,505
2024,Aug,P15,2,pond,2/other,504
2024,Aug,P13,1,pond,0/1/2,505
2024,Sep,P12,2,pond,0/2,504
2024,Sep,P10,4,pond,0/2,504
2024,Sep,P14,1,pond,0/1/2,502
2024,Sep,P11,2,pond,0/2,503
2024,Sep,P14,1,pond,0/1/2,502
2024,Sep,P15,1,pond,2/other,504
2024,Sep,C4,2,pond,other,NA
2024,Sep,P11,5,pond,0/2,503
2024,Sep,C4,1,pond,other,NA
2024,Sep,P20,1,pond,1,423
2024,Sep,C1,4,pond,0,NA
2024,Sep,C2,2,pond,1,NA
2024,Sep,P10,3,pond,0/2,504
2024,Sep,P11,1,pond,0/2,503
2024,Sep,P15,6,pond,2/other,504
2024,Sep,P20,1,pond,1,423
2024,Sep,C1,8,pond,0,NA
2024,Sep,C2,1,pond,1,NA
2024,Sep,C4,2,pond,other,NA
2024,Sep,C4,3,pond,other,NA
2024,Sep,P15,4,pond,2/other,504
2024,Sep,P16,1,pond,2/other,504
2024,Sep,C1,3,pond,0,NA
2024,Sep,C2,1,pond,1,NA
2024,Sep,C4,1,pond,other,NA
2024,Sep,P20,1,pond,1,423
2024,Sep,C4,75,pond,other,NA
2024,Sep,C4,106,pond,other,NA
2024,Sep,C4,3,pond,other,NA
2024,Sep,C4,8,pond,other,NA
2024,Sep,P14,1,pond,0/1/2,502
2024,Sep,P17,1,pond,2/other,911
2024,Sep,P14,1,pond,0/1/2,502
2024,Sep,P15,2,pond,2/other,504
2024,Sep,P20,2,pond,1,423
2024,Sep,P20,2,pond,1,423
2024,NA,P15,1,pond,2/other,504
2024,NA,P18,1,pond,1,1500
2025,Oct,P11,1,pond,2/other,3000
2025,Oct,P14,1,pond,0,3031
2025,Oct,P15,1,pond,0,2446
2025,Oct,C4,38,pond,0,8926
2025,Oct,C2,1,pond,2/other,1345
2025,Oct,C1,8,pond,other,9510
2025,Oct,C4,43,pond,0,8926
2025,Oct,C1,4,pond,other,9510
2025,Oct,C4,32,pond,0,8926
2025,Oct,C4,2,pond,0,8926
2025,Oct,P20,1,pond,0,957
2025,Oct,C4,1,pond,0,8926
2025,Oct,C2,1,pond,2/other,1345
2025,Oct,C1,2,pond,other,9510
2025,Oct,C4,2,pond,0,8926
2025,Oct,C4,1,pond,0,8926
2025,Oct,C4,1,pond,0,8926
2025,Oct,C1,1,pond,other,9510
2025,Oct,C4,4,pond,0,8926
2025,Oct,P10,2,pond,2/other,3000
2025,Oct,C1,8,pond,other,9510
2025,Oct,C4,5,pond,0,8926
2025,Oct,P18,1,pond,0,957
2025,Oct,C1,8,pond,other,9510
2025,Oct,C4,1,pond,0,8926
2025,Oct,P18,1,pond,0,957
2025,Oct,P20,2,pond,0,957
2025,Oct,P20,1,pond,0,957
2025,Oct,C1,1,pond,other,9510
2025,Oct,C4,9,pond,0,8926
2025,Oct,P12,2,pond,1/other,3027
2025,Oct,C4,7,pond,0,8926
2025,Oct,C4,13,pond,0,8926
2025,Oct,P15,3,pond,0,2446
2025,Oct,C1,3,pond,other,9510
2025,Oct,C4,10,pond,0,8926
2025,Oct,P12,2,pond,1/other,3027
2025,Oct,P13,1,pond,1/other,3012
2025,Oct,P14,1,pond,0,3031
2025,Oct,P12,2,pond,1/other,3027
2025,Oct,P16,2,pond,0/2,878
2025,Oct,C1,1,pond,other,9510
2025,Oct,C4,7,pond,0,8926
2025,Oct,P6,1,pond,1/4,266
2025,Oct,P9,6,pond,1/other,401
2025,Oct,C1,1,pond,other,9510
2025,Oct,P12,1,pond,1/other,3027
2025,Oct,C1,1,pond,other,9510
2025,Oct,C4,3,pond,0,8926
2025,Oct,P15,2,pond,0,2446
2025,Oct,C3,2,pond,1/wild,NA
2025,Oct,C3,1,pond,1/wild,NA
2025,Oct,C4,2,pond,0,8926
2025,Oct,P9,1,pond,1/other,401
2025,Nov,P3,1,pond,4/other,91
2025,Nov,P9,1,pond,1/other,401
2025,Nov,P10,1,pond,2/other,3000
2025,Nov,C1,1,pond,other,9510
2025,Nov,P8,1,pond,1/4,32
2025,Nov,P9,1,pond,1/other,401
2025,Nov,B1,8,pond,wild/other,NA
2025,Nov,P9,1,pond,1/other,401
2025,Nov,P12,3,pond,1/other,3027
2025,Nov,B1,3,pond,wild/other,NA
2025,Nov,P9,1,pond,1/other,401
2025,Nov,P12,2,pond,1/other,3027
2025,Nov,P12,3,pond,1/other,3027
2025,Nov,P12,6,pond,1/other,3027
2025,Nov,C4,1,pond,0,8926
2025,Nov,P12,2,pond,1/other,3027
2025,Nov,C4,1,pond,0,8926
2025,Nov,P13,1,pond,1/other,3012
2025,Nov,C6,1,pond,1/other,NA
2025,Nov,P0,1,pond,2/other,127
2025,Nov,C3,1,pond,1/wild,NA
2025,Nov,C4,10,pond,0,8926
2025,Dec,P7,1,pond,1/4,85
2025,Dec,C4,2,pond,0,8926
2025,Dec,P10,1,pond,2/other,3000
2025,Dec,P1,1,pond,3/other,86
2025,Dec,P2,1,pond,4/other,86
2025,Dec,P8,1,pond,1/4,32
2025,Dec,P10,1,pond,2/other,3000
2025,Dec,P0,1,pond,2/other,127
2025,Dec,P4,1,pond,1/4,91
2025,Dec,P5,1,pond,1/4,262
2025,Dec,P10,1,pond,2/other,3000
2025,Dec,P12,1,pond,1/other,3027
2025,Dec,P2,1,pond,4/other,86
2025,Dec,P3,1,pond,4/other,91
2025,Dec,P0,1,pond,2/other,127
2025,Dec,P10,3,pond,2/other,3000
2025,Dec,C4,3,pond,0,8926
2025,Dec,P10,5,pond,2/other,3000
2025,Dec,P12,2,pond,1/other,3027
2025,Dec,P13,1,pond,1/other,3012
2025,Dec,P0,1,pond,2/other,127
2025,Dec,P10,3,pond,2/other,3000
2025,Dec,C3,1,pond,1/wild,NA
2025,Dec,P0,1,pond,2/other,127
2025,Dec,P9,1,pond,1/other,401
2025,Dec,P0,1,pond,2/other,127
2025,Dec,P10,1,pond,2/other,3000
2025,Dec,P13,1,pond,1/other,3012
2025,Dec,P12,1,pond,1/other,3027
2025,Dec,P10,1,pond,2/other,3000
2025,Dec,B4,1,pond,0/wild/other,NA
2025,Dec,P9,2,pond,1/other,401
2025,Dec,P10,1,pond,2/other,3000
2025,Dec,C3,1,pond,1/wild,NA
2025,Dec,B4,2,pond,0/wild/other,NA
2025,Jan,P1,1,pond,3/other,86
2025,Jan,P10,3,pond,2/other,3000
2025,Jan,B4,3,pond,0/wild/other,NA
2025,Jan,P9,1,pond,1/other,401
2025,Jan,P10,2,pond,2/other,3000
2025,Jan,P9,1,pond,1/other,401
2025,Jan,B4,1,pond,0/wild/other,NA
2025,Jan,P10,2,pond,2/other,3000
2025,Jan,P6,3,pond,1/4,266
2025,Jan,P10,1,pond,2/other,3000
2025,Jan,P12,1,pond,1/other,3027
2025,Jan,B4,1,pond,0/wild/other,NA
2025,Jan,P4,1,pond,1/4,91
2025,Jan,P5,1,pond,1/4,262
2025,Jan,P13,2,pond,1/other,3012
2025,Jan,P10,1,pond,2/other,3000
2025,Jan,C3,2,pond,1/wild,NA
2025,Jan,B3,1,pond,0/wild,NA
2025,Jan,P13,1,pond,1/other,3012
2025,Jan,P9,2,pond,1/other,401
2025,Jan,P10,1,pond,2/other,3000
2025,Jan,P9,2,pond,1/other,401
2025,Jan,P10,1,pond,2/other,3000
2025,Jan,P9,3,pond,1/other,401
2025,Jan,P10,2,pond,2/other,3000
2025,Jan,P12,3,pond,1/other,3027
2025,Jan,P9,1,pond,1/other,401
2025,Jan,P9,2,pond,1/other,401
2025,Jan,P10,1,pond,2/other,3000
2025,Jan,P9,5,pond,1/other,401
2025,Jan,P10,3,pond,2/other,3000
2025,Jan,P12,1,pond,1/other,3027
2025,Jan,P13,1,pond,1/other,3012
2025,Feb,P9,2,pond,1/other,401
2025,Feb,P10,4,pond,2/other,3000
2025,Feb,P9,4,pond,1/other,401
2025,Feb,P10,2,pond,2/other,3000
2025,Feb,P12,2,pond,1/other,3027
2025,Feb,P10,1,pond,2/other,3000
2025,Feb,P9,1,pond,1/other,401
2025,Feb,P9,2,pond,1/other,401
2025,Feb,P13,2,pond,1/other,3012
2025,Feb,C6,1,pond,1/other,NA
2025,Feb,P9,2,pond,1/other,401
2025,Feb,P13,2,pond,1/other,3012
2025,Feb,P9,3,pond,1/other,401
2025,Feb,P10,1,pond,2/other,3000
2025,Feb,P13,2,pond,1/other,3012
2025,Feb,P9,1,pond,1/other,401
2025,Feb,C6,4,pond,1/other,NA
2025,Feb,P9,1,pond,1/other,401
2025,Feb,P10,1,pond,2/other,3000
2025,Feb,C5,2,pond,0/2/wild,908
2025,Feb,C3,77,pond,1/wild,NA
2025,Feb,B2,1,pond,0/wild/other,NA
2025,Feb,C5,11,pond,0/2/wild,908
2025,Feb,C3,15,pond,1/wild,NA
2025,Feb,B2,2,pond,0/wild/other,NA
2025,Feb,P9,1,pond,1/other,401
2025,Feb,B4,3,pond,0/wild/other,NA
2025,Feb,P10,1,pond,2/other,3000
2025,Feb,C5,1,pond,0/2/wild,908
2025,Feb,B3,1,pond,0/wild,NA
2025,Mar,P10,2,pond,2/other,3000
2025,Mar,C5,2,pond,0/2/wild,908
2025,Mar,C5,2,pond,0/2/wild,908
2025,Mar,P1,1,pond,3/other,86
2025,Mar,C5,1,pond,0/2/wild,908
2025,Mar,C6,1,pond,1/other,NA
2025,Mar,P1,1,pond,3/other,86
2025,Mar,P13,12,pond,1/other,3012
2025,Mar,C3,9,pond,1/wild,NA
2025,Mar,C5,10,pond,0/2/wild,908
2025,Mar,P0,1,pond,2/other,127
2025,Mar,C5,1,pond,0/2/wild,908
2025,Mar,P0,1,pond,2/other,127
2025,Mar,P1,3,pond,3/other,86
2025,Mar,B3,1,pond,0/wild,NA
2025,Mar,P0,1,pond,2/other,127
2025,Mar,P4,1,pond,1/4,91
2025,Mar,P5,2,pond,1/4,262
2025,Mar,P8,2,pond,1/4,32
2025,Mar,B3,4,pond,0/wild,NA
2025,Mar,P10,1,pond,2/other,3000
2025,Mar,C5,15,pond,0/2/wild,908
2025,Mar,P2,2,pond,4/other,86
2025,Mar,P3,1,pond,4/other,91
2025,Mar,P6,1,pond,1/4,266
2025,Mar,P3,1,pond,4/other,91
2025,Mar,P6,1,pond,1/4,266
2025,Mar,P2,1,pond,4/other,86
2025,Mar,P3,1,pond,4/other,91
2025,Mar,P6,2,pond,1/4,266
2025,Mar,P1,3,pond,3/other,86
2025,Mar,P3,2,pond,4/other,91
2025,Mar,P5,1,pond,1/4,262
2025,Mar,P6,11,pond,1/4,266
2025,Mar,P11,2,pond,2/other,3000
2025,Mar,P5,1,pond,1/4,262
2025,Mar,P6,1,pond,1/4,266
2025,Mar,P0,1,pond,2/other,127
2025,Mar,P3,2,pond,4/other,91
2025,Mar,P8,1,pond,1/4,32
2025,Mar,P11,1,pond,2/other,3000
2025,Mar,P0,5,pond,2/other,127
2025,Mar,P2,3,pond,4/other,86
2025,Mar,P3,3,pond,4/other,91
2025,Mar,P4,1,pond,1/4,91
2025,Mar,P6,1,pond,1/4,266
2025,Mar,P7,2,pond,1/4,85
2025,Mar,P9,2,pond,1/other,401
2025,Mar,P10,1,pond,2/other,3000
2025,Mar,P11,1,pond,2/other,3000
2025,Mar,P0,1,pond,2/other,127
2025,Mar,P3,1,pond,4/other,91
2025,Mar,P6,1,pond,1/4,266
2025,Mar,P9,2,pond,1/other,401
2025,Mar,P10,2,pond,2/other,3000
2025,Mar,B4,1,pond,0/wild/other,NA
2025,Mar,P1,2,pond,3/other,86
2025,Mar,P5,1,pond,1/4,262
2025,Mar,P9,1,pond,1/other,401
2025,Mar,P10,3,pond,2/other,3000
2025,Mar,P6,3,pond,1/4,266
2025,Mar,P8,1,pond,1/4,32
2025,Mar,P10,1,pond,2/other,3000
2025,Mar,P11,3,pond,2/other,3000
2025,Mar,P7,1,pond,1/4,85
2025,Mar,P8,2,pond,1/4,32
2025,Mar,P0,1,pond,2/other,127
2025,Mar,P5,1,pond,1/4,262
2025,Mar,P6,2,pond,1/4,266
2025,Mar,P7,1,pond,1/4,85
2025,Mar,P11,1,pond,2/other,3000
2025,Mar,P1,1,pond,3/other,86
2025,Mar,P6,4,pond,1/4,266
2025,Mar,P8,2,pond,1/4,32
2025,Mar,P9,1,pond,1/other,401
2025,Mar,P1,3,pond,3/other,86
2025,Mar,P6,1,pond,1/4,266
2025,Mar,P11,1,pond,2/other,3000
2025,Apr,P6,1,pond,1/4,266
2025,Apr,P0,2,pond,2/other,127
2025,Apr,P6,1,pond,1/4,266
2025,Apr,P7,1,pond,1/4,85
2025,Apr,P10,1,pond,2/other,3000
2025,Apr,P11,1,pond,2/other,3000
2025,Apr,P1,1,pond,3/other,86
2025,Apr,P6,1,pond,1/4,266
2025,Apr,P10,1,pond,2/other,3000
2025,Apr,P11,1,pond,2/other,3000
2025,Apr,P3,1,pond,4/other,91
2025,Apr,P11,2,pond,2/other,3000
2025,Apr,P0,1,pond,2/other,127
2025,Apr,P1,2,pond,3/other,86
2025,Apr,P3,4,pond,4/other,91
2025,Apr,P4,2,pond,1/4,91
2025,Apr,P6,1,pond,1/4,266
2025,Apr,P8,0,pond,1/4,32
2025,Apr,P11,1,pond,2/other,3000
2025,Apr,P3,1,pond,4/other,91
2025,Apr,P5,1,pond,1/4,262
2025,Apr,P9,1,pond,1/other,401
2025,Apr,P11,1,pond,2/other,3000
2025,Apr,P0,2,pond,2/other,127
2025,Apr,P1,2,pond,3/other,86
2025,Apr,P4,3,pond,1/4,91
2025,Apr,P5,1,pond,1/4,262
2025,Apr,P6,2,pond,1/4,266
2025,Apr,P9,1,pond,1/other,401
2025,Apr,P10,1,pond,2/other,3000
2025,Apr,P11,2,pond,2/other,3000
2025,Apr,P7,3,pond,1/4,85
2025,Apr,P3,1,pond,4/other,91
2025,Apr,P0,2,pond,2/other,127
2025,Apr,P5,1,pond,1/4,262
2025,Apr,P11,1,pond,2/other,3000
2025,Apr,B2,1,pond,0/wild/other,NA
2025,Apr,B4,1,pond,0/wild/other,NA
2025,Apr,P0,1,pond,2/other,127
2025,Apr,P4,2,pond,1/4,91
2025,Apr,P6,1,pond,1/4,266
2025,Apr,B2,1,pond,0/wild/other,NA
2025,Apr,P0,1,pond,2/other,127
2025,Apr,P1,1,pond,3/other,86
2025,Apr,P3,1,pond,4/other,91
2025,Apr,P4,5,pond,1/4,91
2025,Apr,P6,1,pond,1/4,266
2025,Apr,P8,2,pond,1/4,32
2025,Apr,B4,1,pond,0/wild/other,NA
2025,Apr,P6,2,pond,1/4,266
2025,Apr,P9,4,pond,1/other,401
2025,Apr,B4,1,pond,0/wild/other,NA
2025,Apr,P1,1,pond,3/other,86
2025,Apr,P6,2,pond,1/4,266
2025,Apr,B4,1,pond,0/wild/other,NA
2025,Apr,P1,1,pond,3/other,86
2025,Apr,P4,1,pond,1/4,91
2025,Apr,P5,1,pond,1/4,262
2025,Apr,P8,1,pond,1/4,32
2025,Apr,P0,1,pond,2/other,127
2025,Apr,P1,1,pond,3/other,86
2025,Apr,P5,1,pond,1/4,262
2025,Apr,P6,1,pond,1/4,266
2025,Apr,P7,1,pond,1/4,85
2025,Apr,P0,1,pond,2/other,127
2025,Apr,P1,2,pond,3/other,86
2025,Apr,P2,1,pond,4/other,86
2025,Apr,P3,1,pond,4/other,91
2025,Apr,P6,1,pond,1/4,266
2025,Apr,P8,3,pond,1/4,32
2025,Apr,P0,1,pond,2/other,127
2025,Apr,P1,1,pond,3/other,86
2025,Apr,P4,1,pond,1/4,91
2025,Apr,P5,1,pond,1/4,262
2025,Apr,B4,1,pond,0/wild/other,NA
2025,Apr,P3,1,pond,4/other,91
2025,Apr,P0,2,pond,2/other,127
2025,Apr,P1,1,pond,3/other,86
2025,Apr,P3,1,pond,4/other,91
2025,Apr,P4,1,pond,1/4,91
2025,Apr,P6,1,pond,1/4,266
2025,Apr,P4,1,pond,1/4,91
2025,Apr,P5,1,pond,1/4,262
2025,Apr,P0,1,pond,2/other,127
2025,Apr,P1,1,pond,3/other,86
2025,Apr,P3,1,pond,4/other,91
2025,Apr,P6,1,pond,1/4,266
2025,Apr,P11,2,pond,2/other,3000
2025,Apr,P1,1,pond,3/other,86
2025,Apr,P3,1,pond,4/other,91
2025,Apr,P0,1,pond,2/other,127
2025,May,P0,1,pond,2/other,127
2025,May,P4,1,pond,1/4,91
2025,May,P6,2,pond,1/4,266
2025,May,P3,1,pond,4/other,91
2025,May,P6,3,pond,1/4,266
2025,May,P7,1,pond,1/4,85
2025,May,P6,1,pond,1/4,266
2025,May,P6,6,pond,1/4,266
2025,May,P4,2,pond,1/4,91
2025,May,B1,1,pond,wild/other,NA
2025,May,P3,1,pond,4/other,91
2025,May,P4,1,pond,1/4,91
2025,May,P7,1,pond,1/4,85
2025,May,P4,1,pond,1/4,91
2025,May,P5,1,pond,1/4,262
2025,May,P0,1,pond,2/other,127
2025,May,P4,2,pond,1/4,91
2025,May,P6,2,pond,1/4,266
2025,May,P7,2,pond,1/4,85
2025,May,P8,3,pond,1/4,32
2025,May,P3,1,pond,4/other,91
2025,May,P7,1,pond,1/4,85
2025,May,P7,2,pond,1/4,85
2025,May,C3,1,pond,1/wild,NA
2025,May,P6,1,pond,1/4,266
2025,May,P1,1,pond,3/other,86
2025,May,P6,1,pond,1/4,266
2025,May,P7,1,pond,1/4,85
2025,May,B1,1,pond,wild/other,NA
2025,May,P7,1,pond,1/4,85
2025,May,P6,1,pond,1/4,266
2025,May,P7,2,pond,1/4,85
2025,May,B1,1,pond,wild/other,NA
2025,May,C3,2,pond,1/wild,NA
2025,May,P4,3,pond,1/4,91
2025,May,P5,2,pond,1/4,262
2025,May,P6,3,pond,1/4,266
2025,May,P11,1,pond,2/other,3000
2025,May,P6,1,pond,1/4,266
2025,May,P7,3,pond,1/4,85
2025,May,P8,3,pond,1/4,32
2025,May,C3,1,pond,1/wild,NA
2025,May,P7,3,pond,1/4,85
2025,May,P1,1,pond,3/other,86
2025,May,P4,1,pond,1/4,91
2025,May,P6,1,pond,1/4,266
2025,May,P7,11,pond,1/4,85
2025,May,P9,1,pond,1/other,401
2025,May,B1,1,pond,wild/other,NA
2025,May,P7,1,pond,1/4,85
2025,May,P5,1,pond,1/4,262
2025,May,P7,1,pond,1/4,85
2025,May,P5,1,pond,1/4,262
2025,May,P7,1,pond,1/4,85
2025,May,P8,1,pond,1/4,32
2025,May,P9,2,pond,1/other,401
2025,Jun,P7,1,pond,1/4,85
2025,Jun,P8,1,pond,1/4,32
2025,Jun,P7,2,pond,1/4,85
2025,Jun,P1,1,pond,3/other,86
2025,Jun,P4,1,pond,1/4,91
2025,Jun,P8,1,pond,1/4,32
2025,Jun,P1,2,pond,3/other,86
2025,Jun,P3,1,pond,4/other,91
2025,Jun,P4,4,pond,1/4,91
2025,Jun,P9,2,pond,1/other,401
2025,Jun,P7,1,pond,1/4,85
2025,Jun,P1,1,pond,3/other,86
2025,Jun,P4,2,pond,1/4,91
2025,Jun,P1,2,pond,3/other,86
2025,Jun,P6,1,pond,1/4,266
2025,Jun,P8,1,pond,1/4,32
2025,Jun,P10,1,pond,2/other,3000
2025,Jun,P4,1,pond,1/4,91
2025,Jun,P5,1,pond,1/4,262
2025,Jun,P6,1,pond,1/4,266
2025,Jun,C3,1,pond,1/wild,NA
2025,Jun,P7,1,pond,1/4,85
2025,Jun,P5,1,pond,1/4,262
2025,Jun,B2,1,pond,0/wild/other,NA
2025,Jun,P5,1,pond,1/4,262
2025,Jun,C2,1,pond,2/other,1345
2025,Jun,C4,0,pond,0,8926
2025,Jun,C6,4,pond,1/other,NA
2025,Jun,C5,1,pond,0/2/wild,908
2025,Jun,C4,1,pond,0,8926
2025,Jun,C1,4,pond,other,9510
2025,Jun,P1,3,pond,3/other,86
2025,Jun,P6,1,pond,1/4,266
2025,Jun,P10,1,pond,2/other,3000
2025,Jun,C1,8,pond,other,9510
2025,Jun,P1,1,pond,3/other,86
2025,Jun,P7,2,pond,1/4,85
2025,Jun,P9,1,pond,1/other,401
2025,Jun,C2,14,pond,2/other,1345
2025,Jun,P10,1,pond,2/other,3000
2025,Jun,C4,36,pond,0,8926
2025,Jul,P7,1,pond,1/4,85
2025,Jul,C6,3,pond,1/other,NA
2025,Jul,C5,1,pond,0/2/wild,908
2025,Jul,C2,4,pond,2/other,1345
2025,Jul,C4,7,pond,0,8926
2025,Jul,C1,5,pond,other,9510
2025,Jul,P0,1,pond,2/other,127
2025,Jul,C6,7,pond,1/other,NA
2025,Jul,C5,4,pond,0/2/wild,908
2025,Jul,C2,6,pond,2/other,1345
2025,Jul,C4,14,pond,0,8926
2025,Jul,B2,3,pond,0/wild/other,NA
2025,Jul,C6,35,pond,1/other,NA
2025,Jul,C3,1,pond,1/wild,NA
2025,Jul,C5,19,pond,0/2/wild,908
2025,Jul,C4,19,pond,0,8926
2025,Jul,B2,8,pond,0/wild/other,NA
2025,Jul,C6,13,pond,1/other,NA
2025,Jul,C5,19,pond,0/2/wild,908
2025,Jul,C4,48,pond,0,8926
2025,Jul,P10,1,pond,2/other,3000
2025,Jul,B2,4,pond,0/wild/other,NA
2025,Jul,C6,23,pond,1/other,NA
2025,Jul,C5,11,pond,0/2/wild,908
2025,Jul,C4,10,pond,0,8926
2025,Jul,B2,18,pond,0/wild/other,NA
2025,Jul,C6,15,pond,1/other,NA
2025,Jul,C4,25,pond,0,8926
2025,Jul,C1,1,pond,other,9510
2025,Jul,C4,15,pond,0,8926
2025,Jul,C2,2,pond,2/other,1345
2025,Jul,C5,31,pond,0/2/wild,908
2025,Jul,C6,38,pond,1/other,NA
2025,Jul,P7,2,pond,1/4,85
2025,Jul,C1,1,pond,other,9510
2025,Jul,C4,59,pond,0,8926
2025,Jul,C2,1,pond,2/other,1345
2025,Jul,C5,58,pond,0/2/wild,908
2025,Jul,C6,31,pond,1/other,NA
2025,Jul,B2,24,pond,0/wild/other,NA
2025,Jul,B3,3,pond,0/wild,NA
2025,Jul,B4,1,pond,0/wild/other,NA
2025,Jul,P6,1,pond,1/4,266
2025,Jul,P7,1,pond,1/4,85
2025,Jul,B4,2,pond,0/wild/other,NA
2025,Jul,B3,2,pond,0/wild,NA
2025,Jul,B2,5,pond,0/wild/other,NA
2025,Jul,C6,10,pond,1/other,NA
2025,Jul,C3,1,pond,1/wild,NA
2025,Jul,C5,22,pond,0/2/wild,908
2025,Jul,C2,20,pond,2/other,1345
2025,Jul,C4,12,pond,0,8926
2025,Jul,C1,1,pond,other,9510
2025,Jul,P1,1,pond,3/other,86
2025,Jul,P13,2,pond,1/other,3012
2025,Jul,C4,13,pond,0,8926
2025,Jul,C2,42,pond,2/other,1345
2025,Jul,C5,4,pond,0/2/wild,908
2025,Jul,C6,15,pond,1/other,NA
2025,Jul,C4,8,pond,0,8926
2025,Jul,C2,20,pond,2/other,1345
2025,Jul,C5,19,pond,0/2/wild,908
2025,Jul,C3,1,pond,1/wild,NA
2025,Jul,C6,27,pond,1/other,NA
2025,Jul,B2,3,pond,0/wild/other,NA
2025,Jul,B3,2,pond,0/wild,NA
2025,Jul,C1,2,pond,other,9510
2025,Jul,C4,32,pond,0,8926
2025,Jul,C2,7,pond,2/other,1345
2025,Jul,C5,32,pond,0/2/wild,908
2025,Jul,C6,20,pond,1/other,NA
2025,Jul,B3,1,pond,0/wild,NA
2025,Jul,C4,10,pond,0,8926
2025,Jul,C2,8,pond,2/other,1345
2025,Jul,C5,7,pond,0/2/wild,908
2025,Jul,C6,6,pond,1/other,NA
2025,Jul,B3,1,pond,0/wild,NA
2025,Jul,B4,2,pond,0/wild/other,NA
2025,Jul,C6,8,pond,1/other,NA
2025,Jul,C3,1,pond,1/wild,NA
2025,Jul,C5,3,pond,0/2/wild,908
2025,Jul,C2,1,pond,2/other,1345
2025,Jul,C4,17,pond,0,8926
2025,Jul,C6,5,pond,1/other,NA
2025,Jul,C5,14,pond,0/2/wild,908
2025,Jul,C2,3,pond,2/other,1345
2025,Jul,C4,17,pond,0,8926
2025,Jul,C6,9,pond,1/other,NA
2025,Jul,C3,2,pond,1/wild,NA
2025,Jul,C5,7,pond,0/2/wild,908
2025,Jul,B3,1,pond,0/wild,NA
2025,Jul,C6,14,pond,1/other,NA
2025,Jul,C5,9,pond,0/2/wild,908
2025,Jul,C2,1,pond,2/other,1345
2025,Jul,C4,9,pond,0,8926
2025,Jul,P1,1,pond,3/other,86
2025,Jul,C6,5,pond,1/other,NA
2025,Jul,P0,1,pond,2/other,127
2025,Jul,P6,1,pond,1/4,266
2025,Jul,P20,3,pond,0,957
2025,Jul,B4,2,pond,0/wild/other,NA
2025,Jul,B3,1,pond,0/wild,NA
2025,Jul,B4,1,pond,0/wild/other,NA
2025,Jul,B3,2,pond,0/wild,NA
2025,Jul,C3,1,pond,1/wild,NA
2025,Jul,C5,7,pond,0/2/wild,908
2025,Jul,C2,2,pond,2/other,1345
2025,Jul,C4,5,pond,0,8926
2025,Jul,P7,1,pond,1/4,85
2025,Jul,B4,2,pond,0/wild/other,NA
2025,Jul,B3,1,pond,0/wild,NA
2025,Jul,C5,9,pond,0/2/wild,908
2025,Jul,C2,1,pond,2/other,1345
2025,Jul,P1,1,pond,3/other,86
2025,Jul,P9,1,pond,1/other,401
2025,Jul,B4,1,pond,0/wild/other,NA
2025,Jul,B3,1,pond,0/wild,NA
2025,Jul,C5,19,pond,0/2/wild,908
2025,Jul,C2,1,pond,2/other,1345
2025,Jul,C4,4,pond,0,8926
2025,Jul,P10,2,pond,2/other,3000
2025,Jul,B4,5,pond,0/wild/other,NA
2025,Jul,B3,2,pond,0/wild,NA
2025,Jul,C6,3,pond,1/other,NA
2025,Jul,C5,20,pond,0/2/wild,908
2025,Jul,C2,2,pond,2/other,1345
2025,Jul,C4,17,pond,0,8926
2025,Jul,P0,1,pond,2/other,127
2025,Jul,B4,1,pond,0/wild/other,NA
2025,Jul,C6,4,pond,1/other,NA
2025,Jul,C5,15,pond,0/2/wild,908
2025,Jul,C4,14,pond,0,8926
2025,Jul,P2,1,pond,4/other,86
2025,Jul,P1,1,pond,3/other,86
2025,Jul,B4,1,pond,0/wild/other,NA
2025,Jul,C5,15,pond,0/2/wild,908
2025,Jul,C4,2,pond,0,8926
2025,Jul,B4,3,pond,0/wild/other,NA
2025,Jul,B3,2,pond,0/wild,NA
2025,Jul,C6,5,pond,1/other,NA
2025,Jul,C5,19,pond,0/2/wild,908
2025,Jul,C4,12,pond,0,8926
2025,Jul,B4,3,pond,0/wild/other,NA
2025,Jul,C6,2,pond,1/other,NA
2025,Jul,C5,20,pond,0/2/wild,908
2025,Jul,C4,14,pond,0,8926
2025,Jul,B4,3,pond,0/wild/other,NA
2025,Jul,B1,1,pond,wild/other,NA
2025,Jul,C6,8,pond,1/other,NA
2025,Jul,C3,1,pond,1/wild,NA
2025,Jul,C5,20,pond,0/2/wild,908
2025,Jul,C2,2,pond,2/other,1345
2025,Jul,C4,11,pond,0,8926
2025,Jul,P8,1,pond,1/4,32
2025,Jul,P13,1,pond,1/other,3012
2025,Jul,C5,11,pond,0/2/wild,908
2025,Jul,C6,1,pond,1/other,NA
2025,Jul,P11,2,pond,2/other,3000
2025,Jul,B4,9,pond,0/wild/other,NA
2025,Jul,B3,3,pond,0/wild,NA
2025,Jul,C6,3,pond,1/other,NA
2025,Jul,C5,15,pond,0/2/wild,908
2025,Jul,C2,9,pond,2/other,1345
2025,Jul,C4,6,pond,0,8926
2025,Jul,P13,1,pond,1/other,3012
2025,Aug,B4,3,pond,0/wild/other,NA
2025,Aug,B3,4,pond,0/wild,NA
2025,Aug,C6,5,pond,1/other,NA
2025,Aug,C3,2,pond,1/wild,NA
2025,Aug,C5,9,pond,0/2/wild,908
2025,Aug,C2,2,pond,2/other,1345
2025,Aug,C4,3,pond,0,8926
2025,Aug,P12,1,pond,1/other,3027
2025,Aug,P13,1,pond,1/other,3012
2025,Aug,P1,1,pond,3/other,86
2025,Aug,B4,2,pond,0/wild/other,NA
2025,Aug,B3,4,pond,0/wild,NA
2025,Aug,B2,2,pond,0/wild/other,NA
2025,Aug,C5,15,pond,0/2/wild,908
2025,Aug,C2,2,pond,2/other,1345
2025,Aug,C4,2,pond,0,8926
2025,Aug,C1,1,pond,other,9510
2025,Aug,B4,9,pond,0/wild/other,NA
2025,Aug,B3,15,pond,0/wild,NA
2025,Aug,B2,7,pond,0/wild/other,NA
2025,Aug,B1,1,pond,wild/other,NA
2025,Aug,C6,6,pond,1/other,NA
2025,Aug,C5,13,pond,0/2/wild,908
2025,Aug,C2,3,pond,2/other,1345
2025,Aug,C4,5,pond,0,8926
2025,Aug,P12,4,pond,1/other,3027
2025,Aug,B4,10,pond,0/wild/other,NA
2025,Aug,B3,17,pond,0/wild,NA
2025,Aug,C6,2,pond,1/other,NA
2025,Aug,C5,7,pond,0/2/wild,908
2025,Aug,C2,4,pond,2/other,1345
2025,Aug,P13,1,pond,1/other,3012
2025,Aug,B4,1,pond,0/wild/other,NA
2025,Aug,B3,7,pond,0/wild,NA
2025,Aug,C2,1,pond,2/other,1345
2025,Aug,C1,1,pond,other,9510
2025,Aug,C4,1,pond,0,8926
2025,Aug,P0,1,pond,2/other,127
2025,Aug,B2,2,pond,0/wild/other,NA
2025,Aug,B4,1,pond,0/wild/other,NA
2025,Aug,B3,2,pond,0/wild,NA
2025,Aug,B2,4,pond,0/wild/other,NA
2025,Aug,C5,1,pond,0/2/wild,908
2025,Aug,C1,3,pond,other,9510
2025,Aug,P12,2,pond,1/other,3027
2025,Aug,B4,1,pond,0/wild/other,NA
2025,Aug,B3,2,pond,0/wild,NA
2025,Aug,B2,9,pond,0/wild/other,NA
2025,Aug,B4,1,pond,0/wild/other,NA
2025,Aug,C1,3,pond,other,9510
2025,Aug,B4,1,pond,0/wild/other,NA
2025,Aug,C1,1,pond,other,9510
2025,Aug,P8,1,pond,1/4,32
2025,Aug,P12,4,pond,1/other,3027
2025,Aug,P20,1,pond,0,957
2025,Aug,B3,2,pond,0/wild,NA
2025,Aug,B2,2,pond,0/wild/other,NA
2025,Aug,C5,1,pond,0/2/wild,908
2025,Aug,C1,2,pond,other,9510
2025,Aug,P12,5,pond,1/other,3027
2025,Aug,P18,1,pond,0,957
2025,Aug,B4,1,pond,0/wild/other,NA
2025,Aug,B3,3,pond,0/wild,NA
2025,Aug,B2,17,pond,0/wild/other,NA
2025,Aug,C6,1,pond,1/other,NA
2025,Aug,C3,1,pond,1/wild,NA
2025,Aug,C5,1,pond,0/2/wild,908
2025,Aug,C2,1,pond,2/other,1345
2025,Aug,C4,5,pond,0,8926
2025,Aug,C1,5,pond,other,9510
2025,Aug,P7,1,pond,1/4,85
2025,Aug,P11,1,pond,2/other,3000
2025,Aug,P12,3,pond,1/other,3027
2025,Aug,B4,1,pond,0/wild/other,NA
2025,Aug,B3,22,pond,0/wild,NA
2025,Aug,B2,3,pond,0/wild/other,NA
2025,Aug,C5,17,pond,0/2/wild,908
2025,Aug,C4,15,pond,0,8926
2025,Aug,C1,1,pond,other,9510
2025,Aug,C4,18,pond,0,8926
2025,Aug,C5,12,pond,0/2/wild,908
2025,Aug,C3,1,pond,1/wild,NA
2025,Aug,C6,1,pond,1/other,NA
2025,Aug,B2,1,pond,0/wild/other,NA
2025,Aug,B3,7,pond,0/wild,NA
2025,Aug,B4,1,pond,0/wild/other,NA
2025,Aug,P12,1,pond,1/other,3027
2025,Aug,C4,13,pond,0,8926
2025,Aug,C5,3,pond,0/2/wild,908
2025,Aug,P12,3,pond,1/other,3027
2025,Aug,C4,15,pond,0,8926
2025,Aug,C2,2,pond,2/other,1345
2025,Aug,C5,6,pond,0/2/wild,908
2025,Aug,C6,4,pond,1/other,NA
2025,Aug,P12,2,pond,1/other,3027
2025,Aug,C4,16,pond,0,8926
2025,Aug,C5,1,pond,0/2/wild,908
2025,Aug,P12,2,pond,1/other,3027
2025,Aug,B4,2,pond,0/wild/other,NA
2025,Aug,B3,1,pond,0/wild,NA
2025,Aug,C6,1,pond,1/other,NA
2025,Aug,C5,15,pond,0/2/wild,908
2025,Aug,C4,63,pond,0,8926
2025,Aug,C1,9,pond,other,9510
2025,Aug,B4,1,pond,0/wild/other,NA
2025,Aug,B3,3,pond,0/wild,NA
2025,Aug,B2,3,pond,0/wild/other,NA
2025,Aug,C5,10,pond,0/2/wild,908
2025,Aug,C4,59,pond,0,8926
2025,Aug,C1,32,pond,other,9510
2025,Aug,P13,1,pond,1/other,3012
2025,Aug,B4,2,pond,0/wild/other,NA
2025,Aug,B3,6,pond,0/wild,NA
2025,Aug,B1,1,pond,wild/other,NA
2025,Aug,C6,1,pond,1/other,NA
2025,Aug,C5,5,pond,0/2/wild,908
2025,Aug,C4,43,pond,0,8926
2025,Aug,C1,69,pond,other,9510
2025,Aug,B4,3,pond,0/wild/other,NA
2025,Aug,B3,33,pond,0/wild,NA
2025,Aug,C6,2,pond,1/other,NA
2025,Aug,C5,13,pond,0/2/wild,908
2025,Aug,C2,1,pond,2/other,1345
2025,Aug,C4,19,pond,0,8926
2025,Aug,C1,32,pond,other,9510
2025,Aug,P13,1,pond,1/other,3012
2025,Aug,B4,1,pond,0/wild/other,NA
2025,Aug,B3,11,pond,0/wild,NA
2025,Aug,B2,1,pond,0/wild/other,NA
2025,Aug,C6,1,pond,1/other,NA
2025,Aug,C2,1,pond,2/other,1345
2025,Aug,C4,6,pond,0,8926
2025,Aug,C1,9,pond,other,9510
2025,Aug,P12,1,pond,1/other,3027
2025,Aug,B4,3,pond,0/wild/other,NA
2025,Aug,B3,8,pond,0/wild,NA
2025,Aug,C2,15,pond,2/other,1345
2025,Aug,C1,18,pond,other,9510
2025,Aug,C4,4,pond,0,8926
2025,Aug,P12,4,pond,1/other,3027
2025,Aug,P15,1,pond,0,2446
2025,Aug,B4,5,pond,0/wild/other,NA
2025,Aug,B3,10,pond,0/wild,NA
2025,Aug,B2,1,pond,0/wild/other,NA
2025,Aug,C6,0,pond,1/other,NA
2025,Aug,C2,35,pond,2/other,1345
2025,Aug,C1,12,pond,other,9510
2025,Aug,C4,9,pond,0,8926
2025,Aug,P12,2,pond,1/other,3027
2025,Aug,P13,1,pond,1/other,3012
2025,Aug,P18,2,pond,0,957
2025,Aug,B4,6,pond,0/wild/other,NA
2025,Aug,B3,15,pond,0/wild,NA
2025,Aug,B2,4,pond,0/wild/other,NA
2025,Aug,C6,1,pond,1/other,NA
2025,Aug,C2,37,pond,2/other,1345
2025,Aug,C5,0,pond,0/2/wild,908
2025,Aug,C1,42,pond,other,9510
2025,Aug,C4,0,pond,0,8926
2025,Aug,P8,1,pond,1/4,32
2025,Aug,P12,3,pond,1/other,3027
2025,Aug,P13,1,pond,1/other,3012
2025,Aug,B4,9,pond,0/wild/other,NA
2025,Aug,B3,9,pond,0/wild,NA
2025,Aug,B2,1,pond,0/wild/other,NA
2025,Aug,C6,0,pond,1/other,NA
2025,Aug,C2,68,pond,2/other,1345
2025,Aug,C5,0,pond,0/2/wild,908
2025,Aug,C1,79,pond,other,9510
2025,Aug,C4,3,pond,0,8926
2025,Aug,P12,2,pond,1/other,3027
2025,Aug,B4,0,pond,0/wild/other,NA
2025,Aug,B3,9,pond,0/wild,NA
2025,Aug,B2,2,pond,0/wild/other,NA
2025,Aug,C6,0,pond,1/other,NA
2025,Aug,C2,118,pond,2/other,1345
2025,Aug,C5,0,pond,0/2/wild,908
2025,Aug,C1,64,pond,other,9510
2025,Aug,C4,0,pond,0,8926
2025,Aug,P13,2,pond,1/other,3012
2025,Aug,B4,7,pond,0/wild/other,NA
2025,Aug,B3,2,pond,0/wild,NA
2025,Aug,B2,3,pond,0/wild/other,NA
2025,Aug,C6,0,pond,1/other,NA
2025,Aug,C2,201,pond,2/other,1345
2025,Aug,C5,1,pond,0/2/wild,908
2025,Aug,C1,242,pond,other,9510
2025,Aug,C4,0,pond,0,8926
2025,Aug,P12,1,pond,1/other,3027
2025,Aug,P13,1,pond,1/other,3012
2025,Aug,P20,1,pond,0,957
2025,Aug,B4,16,pond,0/wild/other,NA
2025,Aug,B3,13,pond,0/wild,NA
2025,Aug,B2,12,pond,0/wild/other,NA
2025,Aug,C1,321,pond,other,9510
2025,Aug,C2,300,pond,2/other,1345
2025,Aug,P12,1,pond,1/other,3027
2025,Aug,P13,1,pond,1/other,3012
2025,Aug,P15,1,pond,0,2446
2025,Aug,B4,27,pond,0/wild/other,NA
2025,Aug,B3,8,pond,0/wild,NA
2025,Aug,B2,39,pond,0/wild/other,NA
2025,Aug,C3,1,pond,1/wild,NA
2025,Aug,C5,1,pond,0/2/wild,908
2025,Aug,C2,300,pond,2/other,1345
2025,Aug,C4,1,pond,0,8926
2025,Aug,C1,258,pond,other,9510
2025,Aug,P12,3,pond,1/other,3027
2025,Aug,P13,2,pond,1/other,3012
2025,Aug,B4,8,pond,0/wild/other,NA
2025,Aug,B3,6,pond,0/wild,NA
2025,Aug,B2,14,pond,0/wild/other,NA
2025,Aug,C1,155,pond,other,9510
2025,Aug,C2,182,pond,2/other,1345
2025,Sep,P12,1,pond,1/other,3027
2025,Sep,P13,1,pond,1/other,3012
2025,Sep,B4,26,pond,0/wild/other,NA
2025,Sep,B3,25,pond,0/wild,NA
2025,Sep,C6,4,pond,1/other,NA
2025,Sep,C1,458,pond,other,9510
2025,Sep,C2,662,pond,2/other,1345
2025,Sep,P1,1,pond,3/other,86
2025,Sep,P12,4,pond,1/other,3027
2025,Sep,B4,1,pond,0/wild/other,NA
2025,Sep,B3,4,pond,0/wild,NA
2025,Sep,B2,1,pond,0/wild/other,NA
2025,Sep,C6,1,pond,1/other,NA
2025,Sep,C3,1,pond,1/wild,NA
2025,Sep,C5,2,pond,0/2/wild,908
2025,Sep,C2,256,pond,2/other,1345
2025,Sep,C4,9,pond,0,8926
2025,Sep,C1,131,pond,other,9510
2025,Sep,P12,3,pond,1/other,3027
2025,Sep,B4,4,pond,0/wild/other,NA
2025,Sep,B3,8,pond,0/wild,NA
2025,Sep,B2,8,pond,0/wild/other,NA
2025,Sep,C5,1,pond,0/2/wild,908
2025,Sep,C2,421,pond,2/other,1345
2025,Sep,C4,4,pond,0,8926
2025,Sep,C1,304,pond,other,9510
2025,Sep,P12,4,pond,1/other,3027
2025,Sep,P13,1,pond,1/other,3012
2025,Sep,P20,1,pond,0,957
2025,Sep,B4,7,pond,0/wild/other,NA
2025,Sep,B3,8,pond,0/wild,NA
2025,Sep,B2,10,pond,0/wild/other,NA
2025,Sep,C2,239,pond,2/other,1345
2025,Sep,C4,8,pond,0,8926
2025,Sep,C1,415,pond,other,9510
2025,Sep,P12,5,pond,1/other,3027
2025,Sep,P13,1,pond,1/other,3012
2025,Sep,P18,1,pond,0,957
2025,Sep,P19,1,pond,0,957
2025,Sep,P20,2,pond,0,957
2025,Sep,B4,6,pond,0/wild/other,NA
2025,Sep,B3,6,pond,0/wild,NA
2025,Sep,B2,4,pond,0/wild/other,NA
2025,Sep,C6,1,pond,1/other,NA
2025,Sep,C2,473,pond,2/other,1345
2025,Sep,C4,9,pond,0,8926
2025,Sep,C1,280,pond,other,9510
2025,Sep,B4,4,pond,0/wild/other,NA
2025,Sep,B3,6,pond,0/wild,NA
2025,Sep,B2,3,pond,0/wild/other,NA
2025,Sep,C6,1,pond,1/other,NA
2025,Sep,C3,1,pond,1/wild,NA
2025,Sep,C5,1,pond,0/2/wild,908
2025,Sep,C4,4,pond,0,8926
2025,Sep,C1,91,pond,other,9510
2025,Sep,C2,358,pond,2/other,1345
2025,Sep,P7,1,pond,1/4,85
2025,Sep,P12,2,pond,1/other,3027
2025,Sep,P13,3,pond,1/other,3012
2025,Sep,P19,2,pond,0,957
2025,Sep,P20,5,pond,0,957
2025,Sep,B4,3,pond,0/wild/other,NA
2025,Sep,B3,15,pond,0/wild,NA
2025,Sep,B2,7,pond,0/wild/other,NA
2025,Sep,C5,18,pond,0/2/wild,908
2025,Sep,C4,31,pond,0,8926
2025,Sep,C1,318,pond,other,9510
2025,Sep,C2,342,pond,2/other,1345
2025,Sep,P18,1,pond,0,957
2025,Sep,P12,2,pond,1/other,3027
2025,Sep,P18,3,pond,0,957
2025,Sep,P19,1,pond,0,957
2025,Sep,P20,1,pond,0,957
2025,Sep,B4,19,pond,0/wild/other,NA
2025,Sep,B3,31,pond,0/wild,NA
2025,Sep,B2,29,pond,0/wild/other,NA
2025,Sep,C5,16,pond,0/2/wild,908
2025,Sep,C4,10,pond,0,8926
2025,Sep,C2,629,pond,2/other,1345
2025,Sep,C1,227,pond,other,9510
2025,Sep,P1,1,pond,3/other,86
2025,Sep,P12,2,pond,1/other,3027
2025,Sep,P13,1,pond,1/other,3012
2025,Sep,B4,2,pond,0/wild/other,NA
2025,Sep,B3,16,pond,0/wild,NA
2025,Sep,C6,3,pond,1/other,NA
2025,Sep,C5,8,pond,0/2/wild,908
2025,Sep,C2,1228,pond,2/other,1345
2025,Sep,C4,8,pond,0,8926
2025,Sep,C1,64,pond,other,9510
2025,Sep,P4,1,pond,1/4,91
2025,Sep,P12,2,pond,1/other,3027
2025,Sep,P13,1,pond,1/other,3012
2025,Sep,P15,1,pond,0,2446
2025,Sep,P19,1,pond,0,957
2025,Sep,B4,3,pond,0/wild/other,NA
2025,Sep,B3,8,pond,0/wild,NA
2025,Sep,B2,2,pond,0/wild/other,NA
2025,Sep,C6,1,pond,1/other,NA
2025,Sep,C5,4,pond,0/2/wild,908
2025,Sep,C2,1429,pond,2/other,1345
2025,Sep,C4,4,pond,0,8926
2025,Sep,C1,86,pond,other,9510
2025,Sep,P11,1,pond,2/other,3000
2025,Sep,P12,2,pond,1/other,3027
2025,Sep,B4,1,pond,0/wild/other,NA
2025,Sep,B3,8,pond,0/wild,NA
2025,Sep,C6,2,pond,1/other,NA
2025,Sep,C5,3,pond,0/2/wild,908
2025,Sep,C1,1144,pond,other,9510
2025,Sep,P12,2,pond,1/other,3027
2025,Sep,B4,10,pond,0/wild/other,NA
2025,Sep,B3,9,pond,0/wild,NA
2025,Sep,B2,15,pond,0/wild/other,NA
2025,Sep,C5,1,pond,0/2/wild,908
2025,Sep,C4,2,pond,0,8926
2025,Sep,B3,12,pond,0/wild,NA
2025,Sep,B2,1,pond,0/wild/other,NA
2025,Sep,B1,1,pond,wild/other,NA
2025,Sep,C5,5,pond,0/2/wild,908
2025,Sep,C4,6,pond,0,8926
2025,Sep,B4,7,pond,0/wild/other,NA
2025,Sep,B3,12,pond,0/wild,NA
2025,Sep,B2,4,pond,0/wild/other,NA
2025,Sep,C6,2,pond,1/other,NA
2025,Sep,C5,12,pond,0/2/wild,908
2025,Sep,C4,6,pond,0,8926
2025,Sep,P10,2,pond,2/other,3000
2025,Sep,P16,1,pond,0/2,878
2025,Sep,P20,2,pond,0,957
2025,Sep,B4,1,pond,0/wild/other,NA
2025,Sep,B3,9,pond,0/wild,NA
2025,Sep,B2,4,pond,0/wild/other,NA
2025,Sep,C6,1,pond,1/other,NA
2025,Sep,C5,2,pond,0/2/wild,908
2025,Sep,C4,2,pond,0,8926
2025,Sep,P10,1,pond,2/other,3000
2025,Sep,B4,13,pond,0/wild/other,NA
2025,Sep,B3,25,pond,0/wild,NA
2025,Sep,B2,1,pond,0/wild/other,NA
2025,Sep,C6,26,pond,1/other,NA
2025,Sep,C4,5,pond,0,8926
2025,Sep,P13,2,pond,1/other,3012
2025,Sep,B4,1,pond,0/wild/other,NA
2025,Sep,B3,11,pond,0/wild,NA
2025,Sep,B2,1,pond,0/wild/other,NA
2025,Sep,C6,12,pond,1/other,NA
2025,Sep,C5,10,pond,0/2/wild,908
2025,Sep,C4,2,pond,0,8926
2025,Sep,C5,11,pond,0/2/wild,908
2025,Sep,C6,6,pond,1/other,NA
2025,Sep,B3,5,pond,0/wild,NA
2025,Sep,B4,2,pond,0/wild/other,NA
2025,Sep,B3,21,pond,0/wild,NA
2025,Sep,C6,17,pond,1/other,NA
2025,Sep,C5,11,pond,0/2/wild,908
2025,Sep,C4,4,pond,0,8926
2025,Sep,P12,3,pond,1/other,3027
2025,Sep,B4,3,pond,0/wild/other,NA
2025,Sep,B3,5,pond,0/wild,NA
2025,Sep,C6,6,pond,1/other,NA
2025,Sep,C5,18,pond,0/2/wild,908
2025,Sep,C4,2,pond,0,8926
2025,Sep,B4,2,pond,0/wild/other,NA
2025,Sep,B3,30,pond,0/wild,NA
2025,Sep,B2,2,pond,0/wild/other,NA
2025,Sep,C6,37,pond,1/other,NA
2025,Sep,C5,9,pond,0/2/wild,908
2025,Sep,C4,1,pond,0,8926
2025,Sep,C2,5,pond,2/other,1345
2025,Sep,P12,2,pond,1/other,3027
2025,Sep,P13,1,pond,1/other,3012
2025,Sep,P15,1,pond,0,2446
2025,Sep,P18,1,pond,0,957
2025,Sep,B4,3,pond,0/wild/other,NA
2025,Sep,B3,11,pond,0/wild,NA
2025,Sep,B2,9,pond,0/wild/other,NA
2025,Sep,C6,14,pond,1/other,NA
2025,Sep,C5,27,pond,0/2/wild,908
2025,Sep,C2,13,pond,2/other,1345
2025,Sep,C4,2,pond,0,8926
2025,Sep,C5,4,pond,0/2/wild,908
2025,Sep,C6,10,pond,1/other,NA
2025,Sep,B2,4,pond,0/wild/other,NA
2025,Sep,B3,17,pond,0/wild,NA
2025,Sep,B4,1,pond,0/wild/other,NA
2025,Sep,P10,1,pond,2/other,3000
2025,Sep,B4,2,pond,0/wild/other,NA
2025,Sep,B3,16,pond,0/wild,NA
2025,Sep,C6,5,pond,1/other,NA
2025,Sep,C5,11,pond,0/2/wild,908
2025,Sep,B4,2,pond,0/wild/other,NA
2025,Sep,B3,24,pond,0/wild,NA
2025,Sep,B2,1,pond,0/wild/other,NA
2025,Sep,C6,19,pond,1/other,NA
2025,Sep,C5,21,pond,0/2/wild,908
2025,Sep,C2,15,pond,2/other,1345
2025,Sep,P13,14,pond,1/other,3012
2025,Sep,B4,7,pond,0/wild/other,NA
2025,Sep,B3,11,pond,0/wild,NA
2025,Sep,B2,1,pond,0/wild/other,NA
2025,Sep,C6,11,pond,1/other,NA
2025,Sep,C5,4,pond,0/2/wild,908
2025,Sep,C2,7,pond,2/other,1345
2025,Sep,C4,3,pond,0,8926
2025,Sep,P8,1,pond,1/4,32
2025,Sep,B4,2,pond,0/wild/other,NA
2025,Sep,B3,8,pond,0/wild,NA
2025,Sep,B2,2,pond,0/wild/other,NA
2025,Sep,C6,9,pond,1/other,NA
2025,Sep,C5,9,pond,0/2/wild,908
2025,Sep,C2,9,pond,2/other,1345
2025,Sep,P12,1,pond,1/other,3027
2025,Sep,B4,1,pond,0/wild/other,NA
2025,Sep,B3,9,pond,0/wild,NA
2025,Sep,B2,2,pond,0/wild/other,NA
2025,Sep,C6,12,pond,1/other,NA
2025,Sep,C5,12,pond,0/2/wild,908
2025,Sep,C2,10,pond,2/other,1345
2025,Sep,P13,1,pond,1/other,3012
2025,Sep,B4,1,pond,0/wild/other,NA
2025,Sep,B3,2,pond,0/wild,NA
2025,Sep,B2,2,pond,0/wild/other,NA
2025,Sep,C6,5,pond,1/other,NA
2025,Sep,C5,3,pond,0/2/wild,908
2025,Sep,C2,9,pond,2/other,1345
2025,Sep,C4,17,pond,0,8926
2025,Sep,P12,3,pond,1/other,3027
2025,Sep,P13,3,pond,1/other,3012
2025,Sep,P18,4,pond,0,957
2025,Sep,B4,16,pond,0/wild/other,NA
2025,Sep,B2,5,pond,0/wild/other,NA
2025,Sep,C6,10,pond,1/other,NA
2025,Sep,C5,5,pond,0/2/wild,908
2025,Sep,C2,27,pond,2/other,1345
2025,Sep,C4,8,pond,0,8926
2023,Mar,P1,2,harvest,4,232
2023,Mar,P5,1,harvest,3,470
2023,Mar,P6,21,harvest,2/4/other,NA
2023,Feb,P7,122,harvest,0/1/other,NA
2023,Feb,P8,61,harvest,1/4/other,NA
2023,Feb,P9,12,harvest,1,799
2023,Feb,P10,17,harvest,1,686
2023,Feb,P11,28,harvest,1,771
2023,Feb,P12,26,harvest,1,708
2023,Feb,P13,11,harvest,1,797
2023,Feb,P14,20,harvest,1,685
2023,Feb,P15,4,harvest,1,770
2023,Feb,P16,18,harvest,1,708
2023,Apr,P18,13,harvest,0/1/2,NA
2023,Feb,P19,45,harvest,0/1/2,NA
2023,Mar,P20,37,harvest,0/1/2,NA
2023,Mar,P21,27,harvest,0/2/other,900
2023,Apr,A3,19,harvest,1/2/other,NA
2023,Apr,A4,470,harvest,0/1,21053
2023,Oct,P17,33,harvest,1/2,NA
2023,Oct,P18,19,harvest,0/1/2,NA
2023,Oct,P19,9,harvest,0/1/2,NA
2023,Oct,P20,34,harvest,0/1/2,NA
2023,Oct,B1,12,harvest,2,NA
2023,Nov,B2,14,harvest,2,NA
2023,Nov,B3,15,harvest,2,NA
2023,Nov,B4,9,harvest,2,NA
2023,Nov,B5,2,harvest,2,NA
2023,Nov,B6,5,harvest,2,NA
2023,Nov,B7,2,harvest,2,NA
2023,Nov,B8,6,harvest,2,NA
2023,Dec,B9,5,harvest,2,NA
2023,Oct,B10,2,harvest,2,NA
2023,Oct,B11,5,harvest,2,NA
2023,Oct,B12,3,harvest,2,NA
2023,Oct,B13,13,harvest,2,NA
2023,Oct,B14,8,harvest,2,NA
2023,Oct,B15,2,harvest,2,NA
2023,Oct,B16,34,harvest,2,NA
2023,Oct,B17,3,harvest,2,NA
2023,Nov,B19,8,harvest,2,NA
2023,Nov,B20,3,harvest,2,NA
2023,Nov,B21,3,harvest,2,NA
2023,Nov,B22,7,harvest,2,NA
2023,Nov,B23,2,harvest,2,NA
2023,Nov,B24,21,harvest,2,NA
2023,Dec,A2,548,harvest,1,12500
2023,Oct,A3,4,harvest,1/2/other,NA
