season,season_type,season_year,pond,lot,stocked_date,start_number,start_tl_mm,harvest_date,end_number,end_tl_mm,days_in_pond,growth_mm_day,harvest_morts,survival_percent,stocked_to,fiscal_year,age,starting_count
Fall 2021,Fall,2021,P18,2020,2021-04-25,1100,131,2021-10-04,1085,185,162,0.3333333333333333,35,101.81818181818181,NA,2022,2,1100
Fall 2021,Fall,2021,P20,2020,2021-04-19,994,118,2021-10-04,858,152,168,0.20238095238095238,5,86.82092555331991,NA,2022,2,994
Fall 2021,Fall,2021,P19,2020,2021-04-19,1000,131,2021-10-06,803,168,170,0.21764705882352942,35,83.8,NA,2022,2,1000
Fall 2021,Fall,2021,P21,2020,2021-03-19,1100,121,2021-10-06,936,165,201,0.21890547263681592,25,87.36363636363636,NA,2022,1/2,1100
Fall 2021,Fall,2021,B2,2020,2021-03-23,450,123,2021-10-18,354,195,209,0.3444976076555024,9,80.66666666666666,NA,2022,2,450
Fall 2021,Fall,2021,B4,2020,2021-03-26,600,152,2021-10-18,458,195,206,0.2087378640776699,1,76.5,NA,2022,2,600
Fall 2021,Fall,2021,B6,2020,2021-03-23,750,139,2021-10-18,655,183,209,0.21052631578947367,17,89.60000000000001,NA,2022,2,750
Fall 2021,Fall,2021,B8,2020,2021-03-24,900,142,2021-10-18,754,185,208,0.20673076923076922,12,85.11111111111111,NA,2022,2,900
Fall 2021,Fall,2021,B1,2020,2021-03-22,450,121,2021-10-20,357,190,212,0.32547169811320753,3,80,NA,2022,2,450
Fall 2021,Fall,2021,B3,2020,2021-03-23,600,121,2021-10-20,542,180,211,0.2796208530805687,11,92.16666666666666,NA,2022,2,600
Fall 2021,Fall,2021,B5,2020,2021-03-22,750,122,2021-10-20,599,168,212,0.2169811320754717,19,82.39999999999999,NA,2022,2,750
Fall 2021,Fall,2021,B7,2020,2021-03-25,900,143,2021-10-20,698,188,209,0.215311004784689,16,79.33333333333333,NA,2022,2,900
Fall 2021,Fall,2021,B9,2020,2021-03-31,450,122,2021-10-25,420,189,208,0.32211538461538464,9,95.33333333333334,NA,2022,2,450
Fall 2021,Fall,2021,B11,2020,2021-04-01,600,124,2021-10-25,564,186,207,0.2995169082125604,8,95.33333333333334,NA,2022,2,600
Fall 2021,Fall,2021,B13,2020,2021-03-31,750,139,2021-10-25,633,179,208,0.19230769230769232,1,84.53333333333333,NA,2022,2,750
Fall 2021,Fall,2021,B15,2020,2021-04-01,900,125,2021-10-25,806,175,207,0.24154589371980675,6,90.22222222222223,NA,2022,1/2,900
Fall 2021,Fall,2021,B10,2020,2021-03-30,450,102,2021-10-26,401,178,210,0.3619047619047619,3,89.77777777777777,NA,2022,2,450
Fall 2021,Fall,2021,B12,2020,2021-03-31,600,123,2021-10-26,556,188,209,0.31100478468899523,4,93.33333333333333,NA,2022,2,600
Fall 2021,Fall,2021,B14,2020,2021-03-29,750,102,2021-10-26,643,171,211,0.32701421800947866,9,86.93333333333332,NA,2022,2,750
Fall 2021,Fall,2021,B16,2020,2021-04-02,900,125,2021-10-27,846,186,208,0.2932692307692308,11,95.22222222222221,NA,2022,1/2,900
Fall 2021,Fall,2021,B17,2020,2021-04-08,450,118,2021-11-01,421,181,207,0.30434782608695654,0,93.55555555555556,NA,2022,1/2,450
Fall 2021,Fall,2021,B19,2020,2021-04-09,600,119,2021-11-01,541,178,206,0.28640776699029125,4,90.83333333333333,NA,2022,1/2,600
Fall 2021,Fall,2021,B21,2020,2021-04-07,750,119,2021-11-01,672,174,208,0.2644230769230769,7,90.53333333333333,NA,2022,1/2,750
Fall 2021,Fall,2021,B23,2020,2021-04-05,900,129,2021-11-01,845,171,210,0.2,9,94.88888888888889,NA,2022,1/2,900
Fall 2021,Fall,2021,B24,2020,2021-04-05,900,128,2021-11-02,762,180,211,0.24644549763033174,28,87.77777777777777,NA,2022,1/2,900
Fall 2021,Fall,2021,B22,2020,2021-04-06,600,129,2021-11-03,528,187,211,0.27488151658767773,20,91.33333333333333,NA,2022,1/2,600
Fall 2021,Fall,2021,B20,2020,2021-04-02,750,121,2021-11-03,697,177,215,0.26046511627906976,8,94,NA,2022,1/2,750
Fall 2021,Fall,2021,B18,2020,2021-01-04,450,149,2021-11-05,420,191,305,0.1377049180327869,12,96,NA,2022,1/2,450
Fall 2021,Fall,2021,P0,2019,2021-04-15,244,230,2021-11-08,230,266,207,0.17391304347826086,0,94.26229508196722,NA,2022,3/4,335
Fall 2021,Fall,2021,P8,2018,2020-09-16,262,243,2021-11-08,255,279,418,0.0861244019138756,0,97.32824427480917,NA,2022,1/4/other,262
Fall 2021,Fall,2021,P1,2017,2021-05-11,100,323,2021-11-09,91,348,182,0.13736263736263737,0,91,NA,2022,4,354
Fall 2021,Fall,2021,P9,2019,2020-09-16,295,229,2021-11-10,290,272,420,0.10238095238095238,1,98.64406779661017,NA,2022,0/3,295
Fall 2021,Fall,2021,P2,2021,2021-07-09,603,22,2021-11-10,518,98,124,0.6129032258064516,1,86.06965174129353,NA,2022,1/3,603
Fall 2021,Fall,2021,P3,2021,2021-03-04,905,21,2021-11-10,818,89,251,0.27091633466135456,14,91.93370165745857,NA,2022,1/3,1135
Fall 2021,Fall,2021,P4,2021,2021-07-09,1210,21,2021-11-16,1017,89,130,0.5230769230769231,30,86.52892561983471,NA,2022,1/2,1210
Fall 2021,Fall,2021,P5,2021,2021-07-09,601,20,2021-11-16,385,93,130,0.5615384615384615,60,74.04326123128119,NA,2022,1/2,601
Fall 2021,Fall,2021,P6,2021,2021-07-09,1811,19,2021-11-17,1372,93,131,0.5648854961832062,119,82.3302043070127,NA,2022,1/2,1811
Fall 2021,Fall,2021,P7,2021,2021-07-09,1555,18,2021-11-17,1486,89,131,0.5419847328244275,120,103.27974276527331,NA,2022,1/2,1555
Fall 2021,Fall,2021,P10,2021,2021-07-09,1500,19,2021-11-22,542,100,136,0.5955882352941176,29,38.06666666666666,NA,2022,0/1,1500
Fall 2021,Fall,2021,P11,2021,2021-07-09,901,18,2021-11-22,800,97,136,0.5808823529411765,11,90.01109877913429,NA,2022,0/1,901
Fall 2021,Fall,2021,P12,2021,2021-03-12,1207,19,2021-11-23,1055,96,256,0.30078125,24,89.39519469759735,NA,2022,0/1,1207
Fall 2021,Fall,2021,P13,2021,2021-03-12,1502,18,2021-11-23,1137,101,256,0.32421875,12,76.49800266311586,NA,2022,0/1,1502
Fall 2021,Fall,2021,P17,2021,2021-02-24,1501,22,2021-11-29,1237,99,278,0.27697841726618705,270,100.39973351099268,NA,2022,1,1501
Fall 2021,Fall,2021,P16,2021,2021-02-16,1200,23,2021-11-29,969,101,286,0.2727272727272727,64,86.08333333333333,NA,2022,0/1,1200
Fall 2021,Fall,2021,P15,2021,2021-03-09,914,23,2021-11-30,783,105,266,0.3082706766917293,10,86.76148796498906,NA,2022,0/1,914
Fall 2021,Fall,2021,P14,2021,2021-03-11,604,22,2021-11-30,575,103,264,0.3068181818181818,4,95.86092715231787,NA,2022,0/1,604
Spring 2022,Spring,2022,P3,2019,NA,230,228,2022-02-28,228,265,363,0.10192837465564739,0,99.1304347826087,NA,2022,1/3,1135
Spring 2022,Spring,2022,P1,2018,NA,254,281,2022-02-28,251,281,363,0,0,98.81889763779527,NA,2022,4,354
Spring 2022,Spring,2022,P0,2017,NA,91,323,2022-02-28,90,351,363,0.07713498622589532,0,98.9010989010989,NA,2022,3/4,335
Spring 2022,Spring,2022,P2,2019,NA,290,286,2022-03-01,287,279,110,-0.06363636363636363,NA,98.9655172413793,NA,2022,1/3,603
Spring 2022,Spring,2022,B1,2020,NA,450,178,2022-03-07,363,173,123,-0.04065040650406504,9,82.66666666666667,NA,2022,2,450
Spring 2022,Spring,2022,B3,2020,NA,450,178,2022-03-07,342,172,123,-0.04878048780487805,6,77.33333333333333,NA,2022,2,600
Spring 2022,Spring,2022,B5,2020,NA,450,186,2022-03-07,398,176,123,-0.08130081300813008,4,89.33333333333333,NA,2022,2,750
Spring 2022,Spring,2022,B7,2020,NA,450,192,2022-03-07,388,186,123,-0.04878048780487805,10,88.44444444444444,NA,2022,2,900
Spring 2022,Spring,2022,B9,2020,NA,450,194,2022-03-09,408,188,125,-0.048,8,92.44444444444444,NA,2022,2,450
Spring 2022,Spring,2022,B11,2020,NA,450,188,2022-03-09,402,181,125,-0.056,0,89.33333333333333,NA,2022,2,600
Spring 2022,Spring,2022,B13,2020,NA,450,200,2022-03-09,420,191,124,-0.07258064516129033,1,93.55555555555556,NA,2022,2,750
Spring 2022,Spring,2022,B2,2020,NA,1000,179,2022-03-14,829,171,144,-0.05555555555555555,14,84.3,NA,2022,2,450
Spring 2022,Spring,2022,B4,2020,NA,1000,179,2022-03-14,747,173,143,-0.04195804195804196,13,76,NA,2022,2,600
Spring 2022,Spring,2022,B6,2020,NA,1000,179,2022-03-14,636,173,138,-0.043478260869565216,32,66.8,NA,2022,2,750
Spring 2022,Spring,2022,B8,2020,NA,1000,179,2022-03-14,822,168,138,-0.07971014492753623,9,83.1,NA,2022,2,900
Spring 2022,Spring,2022,B10,2020,NA,1000,179,2022-03-16,737,177,138,-0.014492753623188406,35,77.2,NA,2022,2,450
Spring 2022,Spring,2022,B12,2020,NA,1000,181,2022-03-16,851,172,134,-0.06716417910447761,13,86.4,NA,2022,2,600
Spring 2022,Spring,2022,B14,2020,NA,393,185,2022-03-16,314,178,132,-0.05303030303030303,5,81.1704834605598,NA,2022,2,750
Spring 2022,Spring,2022,P18,2020,NA,1011,178,2022-03-21,658,169,165,-0.05454545454545454,29,67.95252225519289,NA,2022,2,1100
Spring 2022,Spring,2022,P19,2020,NA,989,176,2022-03-21,817,165,160,-0.06875,10,83.61981799797775,NA,2022,2,1000
Spring 2022,Spring,2022,P20,2020,NA,986,172,2022-03-21,872,164,168,-0.047619047619047616,31,91.58215010141988,NA,2022,2,994
Spring 2022,Spring,2022,P21,2020,NA,1000,179,2022-03-23,698,172,153,-0.0457516339869281,33,73.1,NA,2022,1/2,1100
Spring 2022,Spring,2022,B16,2021,NA,1003,97.4,2022-03-28,947,99,125,0.012799999999999954,8,95.21435692921236,NA,2022,1/2,900
Spring 2022,Spring,2022,B22,2021,NA,1009,90,2022-03-28,904,99,130,0.06923076923076923,23,91.87314172447968,NA,2022,1/2,600
Spring 2022,Spring,2022,B24,2021,NA,1001,101,2022-03-28,903,104,124,0.024193548387096774,33,93.5064935064935,NA,2022,1/2,900
Spring 2022,Spring,2022,B18,2021,NA,999,97,2022-03-29,924,99,132,0.015151515151515152,19,94.3943943943944,NA,2022,1/2,450
Spring 2022,Spring,2022,B20,2021,NA,985,96,2022-03-29,896,96,125,0,0,90.96446700507614,NA,2022,1/2,750
Spring 2022,Spring,2022,B21,2021,NA,1042,90,2022-03-30,968,90,132,0,25,95.29750479846449,NA,2022,1/2,750
Spring 2022,Spring,2022,B17,2021,NA,992,90,2022-03-30,839,94,138,0.028985507246376812,37,88.30645161290323,NA,2022,1/2,450
Spring 2022,Spring,2022,B15,2021,NA,1043,99,2022-03-31,934,103,139,0.02877697841726619,36,93.00095877277086,NA,2022,1/2,900
Spring 2022,Spring,2022,B23,2021,NA,996,88,2022-03-04,923,91,88,0.03409090909090909,12,93.87550200803213,NA,2022,1/2,900
Spring 2022,Spring,2022,B19,2021,NA,985,94,2022-03-04,865,94,107,0,11,88.93401015228426,NA,2022,1/2,600
Spring 2022,Spring,2022,P16,2021,NA,1000,99,2022-03-07,832,101,91,0.02197802197802198,81,91.3,NA,2022,0/1,1200
Spring 2022,Spring,2022,P15,2021,NA,1014,105,2022-03-07,883,107,91,0.02197802197802198,22,89.25049309664695,NA,2022,0/1,914
Spring 2022,Spring,2022,P14,2021,NA,539,100,2022-03-07,459,105,91,0.054945054945054944,22,89.23933209647495,NA,2022,0/1,604
Spring 2022,Spring,2022,A1,2021,NA,15000,20,NA,9717,115,-44364,-0.0021413758903615545,65,65.21333333333334,NA,NA,NA,NA
Spring 2022,Spring,2022,A2,2021,NA,12500,20,NA,6154,120,-44364,-0.00225407988459111,194,50.784,NA,NA,NA,NA
Spring 2022,Spring,2022,A4,2021,NA,10000,20,NA,2128,NA,-44364,4.5081597691822196e-4,43,21.709999999999997,NA,NA,NA,NA
Fall 2022,Fall,2022,P0,2017,NA,90,351,2022-09-19,87,392.5,201,0.2064676616915423,0,96.66666666666667,NA,2022,3/4,335
Fall 2022,Fall,2022,P1,2018,NA,251,281,2022-09-19,232,316.7,202,0.17673267326732667,0,92.43027888446214,NA,2022,4,354
Fall 2022,Fall,2022,P2,2019,NA,288,271,2022-09-19,259,308.7,200,0.18849999999999995,0,89.93055555555556,NA,2022,1/3,603
Fall 2022,Fall,2022,P3,2019,NA,228,265,2022-09-19,183,318.7,200,0.26849999999999996,0,80.26315789473685,NA,2022,1/3,1135
Fall 2022,Fall,2022,P4,2020,NA,499,173,2022-09-20,468,229.8,196,0.28979591836734697,0,93.78757515030061,NA,2022,1/2,1210
Fall 2022,Fall,2022,P5,2020,NA,500,181,2022-09-20,470,242.6,195,0.31589743589743585,0,94,NA,2022,1/2,601
Fall 2022,Fall,2022,P6,2020,NA,546,172,2022-09-21,502,317.7,181,0.8049723756906076,0,91.94139194139194,NA,2022,1/2,1811
Fall 2022,Fall,2022,P7,2020,NA,550,169,2022-09-21,505,278.5,181,0.6049723756906077,0,91.81818181818183,NA,2022,1/2,1555
Fall 2022,Fall,2022,P8,2021,NA,209,87.9,2022-08-06,187,129.5,118,0.35254237288135587,0,89.47368421052632,NA,2022,1/4/other,262
Fall 2022,Fall,2022,P8,2021/2019,NA,80,98,2022-09-21,53,397.6,97,3.088659793814433,0,66.25,NA,2022,1/4/other,262
Fall 2022,Fall,2022,P17,2021,NA,1079,120,2022-10-17,1024,177,167,0.3413173652694611,33,97.96107506950881,NA,2023,1/2,NA
Fall 2022,Fall,2022,P18,2021,NA,900,120,2022-10-18,866,176,168,0.3333333333333333,19,98.33333333333333,NA,2023,0/1/2,NA
Fall 2022,Fall,2022,P19,2021,NA,900,120,2022-10-17,868,174,167,0.32335329341317365,9,97.44444444444444,NA,2023,0/1/2,NA
Fall 2022,Fall,2022,P20,2021,NA,900,120,2022-10-18,837,182,168,0.36904761904761907,34,96.77777777777777,NA,2023,0/1/2,NA
Fall 2022,Fall,2022,B1,2021,NA,600,116,2022-10-24,380,178,193,0.32124352331606215,12,65.33333333333333,NA,2023,2,NA
Fall 2022,Fall,2022,B2,2021,NA,600,97,2022-11-02,569,177,219,0.365296803652968,14,97.16666666666667,NA,2023,2,NA
Fall 2022,Fall,2022,B3,2021,NA,600,98,2022-11-14,430,181,210,0.3952380952380952,15,74.16666666666667,NA,2023,2,NA
Fall 2022,Fall,2022,B4,2021,NA,600,98,2022-11-14,562,167,231,0.2987012987012987,9,95.16666666666667,NA,2023,2,NA
Fall 2022,Fall,2022,B5,2021,NA,600,102,2022-11-14,574,177,210,0.35714285714285715,2,96,NA,2023,2,NA
Fall 2022,Fall,2022,B6,2021,NA,600,104,2022-11-14,565,193,230,0.3869565217391304,5,95,NA,2023,2,NA
Fall 2022,Fall,2022,B7,2021,NA,600,99,2022-11-16,565,176,212,0.3632075471698113,2,94.5,NA,2023,2,NA
Fall 2022,Fall,2022,B8,2021,NA,600,102,2022-11-16,565,192,232,0.3879310344827586,6,95.16666666666667,NA,2023,2,NA
Fall 2022,Fall,2022,B9,2021,NA,600,10.5,2022-12-07,547,95.5,232,0.36637931034482757,5,92,NA,2023,2,NA
Fall 2022,Fall,2022,B10,2021,NA,600,115,2022-10-25,565,189,209,0.35406698564593303,2,94.5,NA,2023,2,NA
Fall 2022,Fall,2022,B11,2021,NA,600,115,2022-10-25,556,172,189,0.30158730158730157,5,93.5,NA,2023,2,NA
Fall 2022,Fall,2022,B12,2021,NA,600,115,2022-10-26,587,171,211,0.26540284360189575,3,98.33333333333333,NA,2023,2,NA
Fall 2022,Fall,2022,B13,2021,NA,600,115,2022-10-26,575,172,189,0.30158730158730157,13,98,NA,2023,2,NA
Fall 2022,Fall,2022,B14,2021,NA,600,115,2022-10-26,561,180,210,0.30952380952380953,8,94.83333333333334,NA,2023,2,NA
Fall 2022,Fall,2022,B15,2021,NA,600,115,2022-10-27,537,170,190,0.2894736842105263,2,89.83333333333333,NA,2023,2,NA
Fall 2022,Fall,2022,B16,2021,NA,600,115,2022-10-27,544,187,210,0.34285714285714286,34,96.33333333333334,NA,2023,2,NA
Fall 2022,Fall,2022,B17,2021,NA,600,115,2022-10-31,580,184,195,0.35384615384615387,3,97.16666666666667,NA,2023,2,NA
Fall 2022,Fall,2022,B18,2021,NA,600,115,2022-10-31,496,185,214,0.32710280373831774,0,82.66666666666667,NA,2023,2,NA
Fall 2022,Fall,2022,B19,2021,NA,600,115,2022-11-02,544,182,197,0.3401015228426396,8,92,NA,2023,2,NA
Fall 2022,Fall,2022,B20,2021,NA,600,97,2022-11-02,575,177,215,0.37209302325581395,3,96.33333333333334,NA,2023,2,NA
Fall 2022,Fall,2022,B21,2021,NA,600,103,2022-11-07,587,164,207,0.2946859903381642,3,98.33333333333333,NA,2023,2,NA
Fall 2022,Fall,2022,B22,2021,NA,600,97,2022-11-07,522,174,221,0.34841628959276016,7,88.16666666666667,NA,2023,2,NA
Fall 2022,Fall,2022,B23,2021,NA,600,95,2022-11-07,568,177,207,0.3961352657004831,2,95,NA,2023,2,NA
Fall 2022,Fall,2022,B24,2021,NA,600,99,2022-11-07,557,171,220,0.32727272727272727,21,96.33333333333334,NA,2023,2,NA
Fall 2022,Fall,2022,A1,NA,NA,NA,NA,NA,NA,NA,NA,NA,NA,NA,NA,NA,NA,NA
Fall 2022,Fall,2022,A2,2022,NA,18985,120,2022-12-07,8140,168,198,0.24242424242424243,548,45.762444034764286,NA,2023,1,12500
Fall 2022,Fall,2022,A3,2021,NA,3076,114,2022-10-04,804,195,158,0.5126582278481012,4,26.26788036410923,NA,2023,1/2/other,NA
Fall 2022,Fall,2022,A4,NA,NA,NA,NA,NA,NA,NA,NA,NA,NA,NA,NA,NA,NA,NA
Spring 2023,Spring,2023,P0,2017,2022-09-19,87,392,2023-03-13,87,370,175,-0.12571428571428572,0,100,NA,2023,4,87
Spring 2023,Spring,2023,P1,2018,2022-09-18,232,316,2023-03-13,220,307,176,-0.05113636363636364,2,95.6896551724138,NA,2023,4,232
Spring 2023,Spring,2023,P2,2019,2022-09-20,160,308,2023-03-13,137,297,174,-0.06321839080459771,0,85.625,NA,2023,4,160
Spring 2023,Spring,2023,P3,2019,2022-09-19,152,318,2023-03-14,151,301,176,-0.09659090909090909,0,99.3421052631579,NA,2023,4,152
Spring 2023,Spring,2023,P4,2020,2022-09-19,468,229,2023-03-15,471,222,177,-0.03954802259887006,0,100.64102564102564,NA,2023,3/4,468
Spring 2023,Spring,2023,P5,2020,2022-09-22,470,242,2023-03-15,460,231,174,-0.06321839080459771,1,98.08510638297872,NA,2023,3,470
Spring 2023,Spring,2023,P6,2021,2022-11-14,922,190,2023-03-20,879,183,126,-0.05555555555555555,21,97.61388286334056,NA,2023,2/4/other,NA
Spring 2023,Spring,2023,P7,2022,2022-12-12,1500,91.1,2023-02-27,1256,93,77,0.02467532467532475,122,91.86666666666666,Net Pen,2023,0/1/other,NA
Spring 2023,Spring,2023,P8,2022,2022-12-12,1500,91.1,2023-02-27,1250,93,77,0.02467532467532475,61,87.4,Net Pen,2023,1/4/other,NA
Spring 2023,Spring,2023,P9,2022,2022-07-18,799,46,2023-02-21,533,96,218,0.22935779816513763,12,68.21026282853568,NA,2023,1,799
Spring 2023,Spring,2023,P10,2022,2022-07-18,686,46.6,2023-02-21,572,107,218,0.27706422018348625,17,85.8600583090379,NA,2023,1,686
Spring 2023,Spring,2023,P11,2022,2022-07-18,771,45.7,2023-02-22,695,102,219,0.25707762557077624,28,93.77431906614785,NA,2023,1,771
Spring 2023,Spring,2023,P12,2022,2022-07-18,708,46.6,2023-02-23,540,106,220,0.27,26,79.94350282485875,NA,2023,1,708
Spring 2023,Spring,2023,P13,2022,2022-07-18,797,46,2023-02-21,848,101,218,0.25229357798165136,11,107.77917189460477,NA,2023,1,797
Spring 2023,Spring,2023,P14,2022,2022-07-18,685,46.7,2023-02-21,616,113,218,0.30412844036697245,20,92.84671532846716,NA,2023,1,685
Spring 2023,Spring,2023,P15,2022,2022-07-18,770,45.7,2023-02-22,669,99,219,0.24337899543378994,4,87.40259740259741,NA,2023,1,770
Spring 2023,Spring,2023,P16,2022,2022-07-18,708,46.6,2023-02-23,515,105,220,0.26545454545454544,18,75.28248587570621,NA,2023,1,708
Spring 2023,Spring,2023,P17,NA,NA,NA,NA,NA,NA,NA,NA,NA,NA,NA,NA,NA,NA,NA
Spring 2023,Spring,2023,P18,2022,2022-12-12,1500,91.1,2023-04-11,850,99,120,0.06583333333333338,13,57.53333333333334,Net Pen,2023,0/1/2,NA
Spring 2023,Spring,2023,P19,2022,2022-12-12,1500,91.1,2023-02-28,1144,97,78,0.07564102564102572,45,79.26666666666667,Net Pen,2023,0/1/2,NA
Spring 2023,Spring,2023,P20,2022,2022-12-12,1500,91.1,2023-03-02,1135,100,80,0.11125000000000007,37,78.13333333333333,NA,2023,0/1/2,NA
Spring 2023,Spring,2023,P21,2021,2022-05-03,900,216,2023-03-22,773,181,323,-0.10835913312693499,27,88.88888888888889,NA,2023,0/2/other,900
Spring 2023,Spring,2023,A1,2021/2018,2022-09-22,1090,134,2023-03-08,1040,239,167,0.6287425149700598,0,95.41284403669725,NA,2023,3/4/other,16090
Spring 2023,Spring,2023,A2,NA,NA,NA,NA,NA,NA,NA,NA,NA,NA,NA,NA,NA,NA,NA
Spring 2023,Spring,2023,A3,2021,2022-10-24,7100,95,2023-04-11,6804,170,169,0.4437869822485207,19,96.09859154929578,NA,2023,1/2/other,NA
Spring 2023,Spring,2023,A4,2022,2022-07-08,11053,60.1,2023-04-26,8965,190.8,292,0.44760273972602743,470,85.36144033294129,NA,2023,0/1,21053
Fall 2023,Fall,2023,P0,2017,2023-03-14,86,370,2023-05-22,86,370,69,0,0,100,-,2023,4,87
Fall 2023,Fall,2023,P1,2018,2023-03-14,103,307,2023-11-29,89,345,260,0.14615384615384616,0,86.40776699029125,P1-89,2024,4,103
Fall 2023,Fall,2023,P2,2018,2023-03-14,100,307,2023-11-29,86,336,260,0.11153846153846154,0,86,P2-86,2024,4,100
Fall 2023,Fall,2023,P3,2019,2023-03-14,102,220,2023-11-28,91,335,259,0.444015444015444,0,89.2156862745098,P3-91,2024,4,102
Fall 2023,Fall,2023,P4,2019,2023-03-16,100,299,2023-11-27,91,341,256,0.1640625,0,91,P4-91,2024,4,100
Fall 2023,Fall,2023,P5,2020,2023-02-20,302,222,2023-11-27,263,275,280,0.18928571428571428,1,87.41721854304636,P5-263,2024,4,302
Fall 2023,Fall,2023,P6,2021,2023-03-24,311,183,2023-11-27,266,261,248,0.31451612903225806,2,86.17363344051448,P6-266,2024,3,311
Fall 2023,Fall,2023,P7,ESS 2023,2023-05-10,3631,0.1,2023-11-08,2078,108,182,0.5928571428571429,59,58.85431010740842,P15- 1028 /P16-1050/Partial Harvest of 45 fish on 6/13/23 to Stauton Ponds,2024,4,3631
Fall 2023,Fall,2023,P8,2017,2023-05-22,84,370,2023-11-27,85,395,189,0.13227513227513227,0,101.19047619047619,P7-85/Gained one fish that was in wrong pond,2024,4,84
Fall 2023,Fall,2023,P9,2022,2023-02-24,501,96,2023-10-23,467,217,241,0.5020746887966805,1,93.41317365269461,P9-50 / HENZEL-417,2024,2,501
Fall 2023,Fall,2023,P10,2022,2023-02-24,504,107,2023-10-24,498,216,242,0.45041322314049587,0,98.80952380952381,P9-50 / TNC-449,2024,0/2,504
Fall 2023,Fall,2023,P11,2022,2023-02-24,503,102,2023-10-23,469,189,241,0.36099585062240663,2,93.63817097415506,P9-50 / HENZEL-419,2024,0/2,503
Fall 2023,Fall,2023,P12,2022,2023-02-24,504,106,2023-10-25,484,205,243,0.4074074074074074,3,96.62698412698413,P9- 50/ TNC-434,2024,0/2,504
Fall 2023,Fall,2023,P13,2022,2023-02-24,505,101,2023-10-23,442,216,241,0.47717842323651455,0,87.52475247524752,P9- 50/ HENZEL-392,2024,0/1/2,505
Fall 2023,Fall,2023,P14,2022,2023-02-24,502,113,2023-10-24,416,221,242,0.4462809917355372,2,83.26693227091634,P9-50/ TNC-366,2024,0/1/2,502
Fall 2023,Fall,2023,P15,2022,2023-02-24,504,99,2023-10-23,427,196,241,0.4024896265560166,3,85.31746031746032,P9-50/ HENZEL- 377,2024,2/other,504
Fall 2023,Fall,2023,P16,2022,2023-02-24,504,105,2023-10-25,474,208,243,0.42386831275720166,2,94.44444444444444,P9-50/ TNC-423,2024,2/other,504
Fall 2023,Fall,2023,P17,2022,2023-03-03,911,103,2023-10-16,771,185,227,0.36123348017621143,20,86.82766190998902,BEATTY GAP-267/ ODOT-504,2024,2/other,911
Fall 2023,Fall,2023,P18,2023,2023-06-05,1500,0.1,2023-11-07,1297,106,155,0.6832258064516129,70,91.13333333333333,P14-1255 / P13-42,2024,1,1500
Fall 2023,Fall,2023,P19,2023,2023-07-10,628,0.1,2023-11-07,553,111,120,0.9241666666666667,17,90.76433121019109,P13-553,2024,1,628
Fall 2023,Fall,2023,P20,2023,2023-06-09,423,0.1,2023-11-08,262,135,152,0.8875000000000001,22,67.139479905437355,P13-262,2024,1,423
Fall 2023,Fall,2023,P21,2023,2023-07-14,342,0.1,2023-11-08,179,131,117,1.1188034188034188,6,54.09356725146199,P13-179,2024,2,342
Fall 2023,Fall,2023,A1,2021/MIX,2023-03-25,1372,NA,2023-10-16,1068,283,205,NA,3,78.06122448979592,N REFUGE -384/ S REFUGE-324/ BARE ISLND 360 (273 TELEM),2024,other,16372
Fall 2023,Fall,2023,A2,2022,2023-03-03,4574,96,2023-10-17,4020,194,228,0.4298245614035088,5,87.99737647573241,BEATTY GAP-1691/ ODESSA-2329,2024,2,17074
Fall 2023,Fall,2023,A3,2022,2023-04-24,4339,80,2023-10-30,2986,153,189,0.3862433862433862,3,68.88684028578014,P10-1052/ P11- 1052/ P12- 872/Partial Harvest of 405 fish on 5/22/23 to Stauton Ponds,2024,NA,NA
Fall 2023,Fall,2023,A4,2023,2023-06-05,1096,0.1,2023-10-26,897,141,143,0.9853146853146854,4,82.2080291970803,P0-822/ 73 JUMPED OUT OF TANK MORTS,2024,NA,NA
Spring 2024,Spring,2024,P0,2023,2023-10-26,818,141,2024-02-27,788,NA,124,NA,17,98.41075794621027,p18-1157; p19-157; p20-457,2024,1/4,NA
Spring 2024,Spring,2024,P1,2018,2023-12-01,86,345,NA,NA,NA,NA,NA,NA,NA,NA,NA,NA,NA
Spring 2024,Spring,2024,P2,2018,2023-12-04,86,336,NA,NA,NA,NA,NA,NA,NA,NA,NA,NA,NA
Spring 2024,Spring,2024,P3,2019,2023-12-01,91,335,NA,NA,NA,NA,NA,NA,NA,NA,NA,NA,NA
Spring 2024,Spring,2024,P4,2019,2023-11-28,91,341,NA,NA,NA,NA,NA,NA,NA,NA,NA,NA,NA
Spring 2024,Spring,2024,P5,2020,2023-11-30,262,275,NA,NA,NA,NA,NA,NA,NA,NA,NA,NA,NA
Spring 2024,Spring,2024,P6,2021,2023-12-28,266,261,NA,NA,NA,NA,NA,NA,NA,NA,NA,NA,NA
Spring 2024,Spring,2024,P7,2017,2023-11-28,85,395,NA,NA,NA,NA,NA,NA,NA,NA,NA,NA,NA
Spring 2024,Spring,2024,P8,-,NA,NA,NA,NA,NA,NA,NA,NA,NA,NA,NA,NA,NA,NA
Spring 2024,Spring,2024,P9,2022,2023-10-27,401,217,NA,NA,NA,NA,NA,NA,NA,NA,NA,NA,NA
Spring 2024,Spring,2024,P10,2022,2023-11-01,1052,152,2024-03-19,1038,145,139,NA,NA,98.66920152091255,Gerber West-730; Lakeside- 307,2024,0/2,504
Spring 2024,Spring,2024,P11,2022,2023-11-01,1052,153,2024-03-19,1030,145,139,NA,NA,97.90874524714829,Gerber East-648; Lakeside- 381,2024,0/2,503
Spring 2024,Spring,2024,P12,2022,2023-11-01,872,152,2024-03-19,854,141,139,NA,NA,97.93577981651376,P21-550; North Refuge Pond-304,2024,0/2,504
Spring 2024,Spring,2024,P13,2023,2023-11-09,1036,121,2024-02-26,951,NA,109,NA,NA,91.79536679536679,P19-447; P20-500,2024,0/1/2,505
Spring 2024,Spring,2024,P14,2023,2023-11-08,1255,106,2024-02-27,1168,NA,111,NA,NA,93.06772908366534,P18-800; P19-353,2024,0/1/2,502
Spring 2024,Spring,2024,P15,ESS 23,2023-11-09,1028,108,2024-02-26,961,NA,109,NA,NA,93.48249027237354,P17-961,2024,2/other,504
Spring 2024,Spring,2024,P16,ESS 23,2023-11-09,1050,108,2024-02-26,878,NA,109,NA,NA,83.61904761904762,P16-878,2024,2/other,504
Spring 2024,Spring,2024,P17,NA,NA,NA,NA,NA,NA,NA,NA,NA,NA,NA,NA,NA,NA,NA
Spring 2024,Spring,2024,P18,NA,NA,NA,NA,NA,NA,NA,NA,NA,NA,NA,NA,NA,NA,NA
Spring 2024,Spring,2024,P19,NA,NA,NA,NA,NA,NA,NA,NA,NA,NA,NA,NA,NA,NA,NA
Spring 2024,Spring,2024,P20,NA,NA,NA,NA,NA,NA,NA,NA,NA,NA,NA,NA,NA,NA,NA
Spring 2024,Spring,2024,P21,NA,NA,NA,NA,NA,NA,NA,NA,NA,NA,NA,NA,NA,NA,NA
Spring 2024,Spring,2024,C1,NA,NA,NA,NA,NA,NA,NA,NA,NA,NA,NA,NA,NA,NA,NA
Spring 2024,Spring,2024,C2,NA,NA,NA,NA,NA,NA,NA,NA,NA,NA,NA,NA,NA,NA,NA
Spring 2024,Spring,2024,C3,NA,NA,NA,NA,NA,NA,NA,NA,NA,NA,NA,NA,NA,NA,NA
Spring 2024,Spring,2024,C4,NA,NA,NA,NA,NA,NA,NA,NA,NA,NA,NA,NA,NA,NA,NA
Fall 2024,Fall,2024,P0,2020,2024-05-15,127,306.3,2024-10-15,122,322,153,0.10261437908496725,0,96.06299212598425,P3,2025,2/other,127
Fall 2024,Fall,2024,P1,2018,2023-12-01,86,345,2024-10-08,73,374,312,0.09294871794871795,0,84.88372093023256,P6,2025,3/other,86
Fall 2024,Fall,2024,P2,2018,2023-12-04,86,336,2024-10-07,76,357,308,0.06818181818181818,0,88.37209302325581,P7,2025,4/other,86
Fall 2024,Fall,2024,P3,2019,2023-12-01,91,335,2024-10-16,85,365,320,0.09375,0,93.4065934065934,P4,2025,4/other,91
Fall 2024,Fall,2024,P4,2019,2023-11-28,91,341,2024-10-14,69,368,321,0.08411214953271028,0,75.82417582417582,P5,2025,1/4,91
Fall 2024,Fall,2024,P5,2020,2024-05-15,132,306,2024-10-15,124,322,153,0.10457516339869281,0,93.93939393939394,P3,2025,1/4,262
Fall 2024,Fall,2024,P6,2021,2023-12-28,266,261,2024-10-08,219,302,285,0.14385964912280702,0,82.33082706766918,P2,2025,1/4,266
Fall 2024,Fall,2024,P7,2017,2024-05-17,53,426,2024-10-07,49,410,143,-0.11188811188811189,0,92.45283018867924,P8,2025,1/4,85
Fall 2024,Fall,2024,P8,2017,2024-05-17,32,426.3,2024-10-07,31,417,143,-0.06503496503496511,0,96.875,P8,2025,1/4,32
Fall 2024,Fall,2024,P9,2022,2023-10-27,401,217,2024-10-09,367,269,348,0.14942528735632185,0,91.52119700748129,P1,2025,1/other,401
Fall 2024,Fall,2024,P10,2024,2024-08-28,1767,81.2,2024-10-23,1411,106,56,0.4428571428571428,84,84.6066779852858,C3-1327,2025,2/other,3000
Fall 2024,Fall,2024,P11,2024,2024-08-28,1669,86.6,2024-10-27,1268,111,60,0.4066666666666668,8,76.45296584781306,C3-1260,2025,2/other,3000
Fall 2024,Fall,2024,P12,2024,2024-05-28,3027,17.9,2024-10-30,1197,121,155,0.6651612903225806,4,39.67624710934919,C3-1180,2025,1/other,3027
Fall 2024,Fall,2024,P13,2024,2024-08-28,640,86.8,2024-10-30,315,129,63,0.6698412698412699,5,50,C3-299,2025,1/other,3012
Fall 2024,Fall,2024,P14,2024,2024-08-28,1600,98.1,2024-10-27,1339,117,60,0.3150000000000001,26,85.3125,C3-1335,2025,0,3031
Fall 2024,Fall,2024,P15,ESS2024,2024-08-28,1865,87.2,2024-11-04,1906,108,68,0.30588235294117644,68,105.84450402144772,P11-903/ B1-909,2025,0,2446
Fall 2024,Fall,2024,P16,ESS2023,2024-08-27,422,156.9,2024-10-23,361,202,57,0.7912280701754385,3,86.25592417061611,"HKM-360, P10-1",2025,0/2,878
Fall 2024,Fall,2024,P17,ESS2023,2024-08-27,486,164.5,2024-10-23,432,194,57,0.5175438596491229,1,89.09465020576131,P10-430/ P9-1,2025,NA,NA
Fall 2024,Fall,2024,P18,2023,2024-08-27,467,175.8,2024-10-21,308,182,55,0.11272727272727252,2,66.38115631691649,P0-82/ P9-226,2025,0,957
Fall 2024,Fall,2024,P19,2023,2024-08-27,457,172.3,2024-10-22,289,178,56,0.10178571428571408,36,71.11597374179432,P0-69/ P9-220,2025,0,957
Fall 2024,Fall,2024,P20,2023,2024-08-27,492,178.5,2024-10-21,445,179,55,0.00909090909090909,8,92.07317073170732,P0-80/ P9-363,2025,0,957
Fall 2024,Fall,2024,P21,NA,NA,NA,NA,NA,NA,NA,NA,NA,NA,NA,NA,NA,NA,NA
Fall 2024,Fall,2024,C1,2024,2024-08-02,9510,35,2024-11-06,7647,97,96,0.6458333333333334,19,80.60988433228181,C6-4959/ P12-1296/ P13-1358,2025,other,9510
Fall 2024,Fall,2024,C2,2023,2024-08-19,1345,176,2024-11-04,1262,195,77,0.24675324675324675,0,93.82899628252788,BeattyGap-765/ P0-247/ P9-250,2025,2/other,1345
Fall 2024,Fall,2024,C4,ESS2024,2024-08-02,14250,39,2024-12-18,6010,95,138,0.4057971014492754,24,42.343859649122805,B2- 1815 (untagged) /B4-4112,2025,0,8926
Fall 2024,Fall,2024,C5,ESS2023,2024-08-19,908,159,2024-11-04,873,218,77,0.7662337662337663,2,96.36563876651982,Odessa-805/ P10-68,2025,0/2/wild,908
Spring 2025,Spring,2025,P0,2023,2024-10-23,478,190,2025-01-14,420,205,83,0.18072289156626506,0,87.86610878661088,"B3/100 on 1/18/25, c5/318 on 1/18/25; batch weight",2025,2/other,127
Spring 2025,Spring,2025,P1,2022,2024-10-10,367,269,2025-01-13,349,276,95,0.07368421052631578,1,95.36784741144415,"B3/90 on 1/14/25, C5/259 on 1/15/2025; batch weight",2025,3/other,86
Spring 2025,Spring,2025,P2,2021,2024-10-09,219,302,2025-01-14,161,306,97,0.041237113402061855,0,73.51598173515981,"B3/56 on 1/14/25, C5/105 on 1/14/25; batch weight",2025,4/other,86
Spring 2025,Spring,2025,P3,2020,2024-10-16,246,322,2025-01-13,245,327,89,0.056179775280898875,0,99.59349593495935,"B3/61 on 1/13/25, C5/184 on 1/13/25; batch weight",2025,4/other,91
Spring 2025,Spring,2025,P4,2019,2024-10-16,85,365,2025-01-07,81,371,83,0.07228915662650602,0,95.29411764705881,C5 on 1/7/25; batch weight,2025,1/4,91
Spring 2025,Spring,2025,P5,2019,2024-10-16,69,368,2025-01-07,67,376,83,0.0963855421686747,0,97.10144927536231,B3 on 1/7/25; batch weight,2025,1/4,262
Spring 2025,Spring,2025,P6,2018,2024-10-09,73,374,2025-01-06,62,375,89,0.011235955056179775,0,84.93150684931507,B3 on 1/6/25; batch weight,2025,1/4,266
Spring 2025,Spring,2025,P7,2018,2024-10-09,76,358,2025-01-07,72,365,90,0.07777777777777778,0,94.73684210526315,C5 on 1/7/25; batch weight,2025,1/4,85
Spring 2025,Spring,2025,P8,2017,2024-10-08,80,413,2025-01-06,71,429,90,0.17777777777777778,0,88.75,"B3/31 on 1/6/25, C5/40 on 1/7/25; batch weight",2025,1/4,32
Spring 2025,Spring,2025,P9,SNS2023,2024-10-24,1060,183,2025-03-03,944,186,130,0.023076923076923078,3,89.33962264150944,"P10/454 on 3/9/25, P11/490 on 3/11/25",2025,1/other,401
Spring 2025,Spring,2025,P10,ESS2023,2024-10-25,500,197,2025-03-03,342,202,129,0.03875968992248062,7,69.8,P3/342 on 3/9/25,2025,2/other,3000
Spring 2025,Spring,2025,P11,ESS2024,2024-11-05,903,107.6,2025-02-26,813,109,113,0.012389380530973501,5,90.58693244739756,P2/813 on 2/28/25,2025,2/other,3000
Spring 2025,Spring,2025,P12,2024,2024-11-08,1296,75.2,2025-03-04,997,75,116,-0.0017241379310345072,37,79.78395061728395,"P8/501 on 3/6/2025, P9/496 on 3/7/25",2025,1/other,3027
Spring 2025,Spring,2025,P13,2024,2024-11-08,1358,76.2,2025-03-04,1079,76,116,-0.0017241379310345072,64,84.1678939617084,"P4/581 on 3/6/25, P5/498 on 3/6/25",2025,1/other,3012
Spring 2025,Spring,2025,B1,ESS2024,2024-11-06,909,108,2025-02-25,61,96,111,-0.10810810810810811,0,6.710671067106711,P2/61 on 2/28/25,2025,wild/other,NA
Spring 2025,Spring,2025,B2,ESS2024,2024-12-20,1815,78.4,2025-02-25,122,76,67,-0.035820895522388145,1,6.776859504132231,P1/122 on 2/27/25,2025,0/wild/other,NA
Spring 2025,Spring,2025,B3,WildBR,2025-01-06,467,337,2025-03-10,299,369,63,0.5079365079365079,0,64.02569593147751,"B1/79 on 3/11/25, B2/124 on 3/11/25, B4/96 on 3/11/25",2025,0/wild,NA
Spring 2025,Spring,2025,B4,ESS2024,2024-12-23,4112,100.2,2025-02-25,1247,101,64,0.012499999999999956,3,30.3988326848249,"P0/656 on 2/27/25, P1/591 on 2/27/25",2025,0/wild/other,NA
Spring 2025,Spring,2025,B1,Wild BR,2025-03-11,241,390,2025-04-01,240,390,21,0,1,100,B3/240 hand counted,2025,wild/other,NA
Spring 2025,Spring,2025,B2,Wild BR,2025-03-11,208,390,2025-04-21,195,403,41,0.3170731707317073,0,93.75,B1/101 on 4/27/25; B1/94 in net pen,2025,0/wild/other,NA
Spring 2025,Spring,2025,B3,Wild BR,2025-04-01,240,390,2025-04-21,240,390,20,0,0,100,C3/240 on 4/22/25; hand counted,2025,0/wild,NA
Spring 2025,Spring,2025,B4,Wild BR,2025-03-11,411,313,2025-04-22,400,321,42,0.19047619047619047,2,97.8102189781022,C3/400 on 4/22/25; hand counted,2025,0/wild/other,NA
Spring 2025,Spring,2025,C3,2024,2024-10-27,5401,111.4,2025-03-04,115,91,128,-0.15937500000000004,9,2.2958711349750045,P7/115 on 3/5/25,2025,1/wild,NA
Spring 2025,Spring,2025,C5,WildBR,2025-01-07,1059,310,2025-03-11,561,351,63,0.6507936507936508,0,52.97450424929179,"B1/162 on 3/12/25, B2/84 on 3/12/25, B4/315 on 3/12/25",2025,0/2/wild,908
Spring 2025,Spring,2025,C6,2024,2024-11-08,4959,106,2025-03-03,799,96,115,-0.08695652173913043,3,16.172615446662633,"P6/500 on 3/4/25, P7/299 on 3/4/25",2025,1/other,NA
Fall 2025,Fall,2025,P0,ESS2024,2025-02-27,656,95,NA,NA,NA,NA,NA,NA,NA,NA,NA,NA,NA
Fall 2025,Fall,2025,P1,ESS2024,2025-02-27,713,102,NA,NA,NA,NA,NA,NA,NA,NA,NA,NA,NA
Fall 2025,Fall,2025,P2,ESS2024,2025-02-28,874,108,NA,NA,NA,NA,NA,NA,NA,NA,NA,NA,NA
Fall 2025,Fall,2025,P3,ESS2023,2025-03-09,342,202,NA,NA,NA,NA,NA,NA,NA,NA,NA,NA,NA
Fall 2025,Fall,2025,P4,2024,2025-03-06,581,77,NA,NA,NA,NA,NA,NA,NA,NA,NA,NA,NA
Fall 2025,Fall,2025,P5,2024,2025-03-06,498,75,NA,NA,NA,NA,NA,NA,NA,NA,NA,NA,NA
Fall 2025,Fall,2025,P6,2024,2025-03-04,500,92,NA,NA,NA,NA,NA,NA,NA,NA,NA,NA,NA
Fall 2025,Fall,2025,P7,2024,2025-03-04,414,93,NA,NA,NA,NA,NA,NA,NA,NA,NA,NA,NA
Fall 2025,Fall,2025,P8,2024,2025-03-06,501,76,NA,NA,NA,NA,NA,NA,NA,NA,NA,NA,NA
Fall 2025,Fall,2025,P9,2024,2025-03-07,496,75,NA,NA,NA,NA,NA,NA,NA,NA,NA,NA,NA
Fall 2025,Fall,2025,P10,2023,2025-03-09,454,184,NA,NA,NA,NA,NA,NA,NA,NA,NA,NA,NA
Fall 2025,Fall,2025,P11,2023,2025-03-11,490,187,2025-09-25,452,238,198,0.25757575757575757,4,93.06122448979592,P10/35; TKT/417 on 10/25,2025,2/other,3000
Fall 2025,Fall,2025,P12,ESS2025,2025-04-28,1725,10.5,NA,NA,NA,NA,NA,NA,NA,NA,NA,NA,NA
Fall 2025,Fall,2025,P13,ESS2025,2025-04-28,1728,10.5,NA,NA,NA,NA,NA,NA,NA,NA,NA,NA,NA
Fall 2025,Fall,2025,P14,2025,2025-06-12,635,15.1,NA,NA,NA,NA,NA,NA,NA,NA,NA,NA,NA
Fall 2025,Fall,2025,P15,2025,2025-06-12,500,15.1,NA,NA,NA,NA,NA,NA,NA,NA,NA,NA,NA
Fall 2025,Fall,2025,P16,2025,2025-06-12,641,15.1,NA,NA,NA,NA,NA,NA,NA,NA,NA,NA,NA
Fall 2025,Fall,2025,P18,2025,2025-06-12,641,15.1,NA,NA,NA,NA,NA,NA,NA,NA,NA,NA,NA
Fall 2025,Fall,2025,P19,2025,2025-06-12,500,15.1,NA,NA,NA,NA,NA,NA,NA,NA,NA,NA,NA
Fall 2025,Fall,2025,P20,2025,2025-06-12,667,15.1,NA,NA,NA,NA,NA,NA,NA,NA,NA,NA,NA
Fall 2025,Fall,2025,B1,Wild BR,2025-04-27,195,406.5,NA,NA,NA,NA,NA,NA,NA,NA,NA,NA,NA
Fall 2025,Fall,2025,B2,2025,2025-05-24,7548,10.5,NA,NA,NA,NA,NA,NA,NA,NA,NA,NA,NA
Fall 2025,Fall,2025,B3,2025,2025-05-21,7923,10.5,2025-09-29,4860,89,131,0.5992366412213741,111,62.74138583869746,C1/3850; S3/867 to Tribes on 10/21/25,2025,0/wild,NA
Fall 2025,Fall,2025,B4,2025,2025-05-20,7531,10.5,2025-09-30,5602,100,133,0.6729323308270677,39,74.90373124419068,C1/4800; S3/743 to Tribes on 10/21/25,2025,0/wild/other,NA
Fall 2025,Fall,2025,C1,ESS2025,2025-05-02,25530,11,2025-09-11,11553,80,132,0.5227272727272727,1144,49.733646690168435,"C2/8,527",2025,other,9510
Fall 2025,Fall,2025,C2,ESS2025,2025-04-28,25009,11,2025-09-10,10702,74,135,0.4666666666666667,1429,48.50653764644728,"C2/5,247",2025,2/other,1345
Fall 2025,Fall,2025,C3,Wild BR,2025-04-22,640,363,NA,NA,NA,NA,NA,NA,NA,NA,NA,NA,NA
Fall 2025,Fall,2025,C4,2025,2025-06-09,19995,13.2,NA,NA,NA,NA,NA,NA,NA,NA,NA,NA,NA
Fall 2025,Fall,2025,C5,2025,2025-06-06,19266,15.1,NA,NA,NA,NA,NA,NA,NA,NA,NA,NA,NA
Fall 2025,Fall,2025,C6,SNS2025,2025-06-06,23781,16.6,NA,NA,NA,NA,NA,NA,NA,NA,NA,NA,NA
